-- phpMyAdmin SQL Dump
-- version 5.2.0
-- https://www.phpmyadmin.net/
--
-- Servidor: 127.0.0.1
-- Tiempo de generación: 10-04-2023 a las 19:32:37
-- Versión del servidor: 10.4.24-MariaDB
-- Versión de PHP: 8.1.6

SET SQL_MODE = "NO_AUTO_VALUE_ON_ZERO";
START TRANSACTION;
SET time_zone = "+00:00";


/*!40101 SET @OLD_CHARACTER_SET_CLIENT=@@CHARACTER_SET_CLIENT */;
/*!40101 SET @OLD_CHARACTER_SET_RESULTS=@@CHARACTER_SET_RESULTS */;
/*!40101 SET @OLD_COLLATION_CONNECTION=@@COLLATION_CONNECTION */;
/*!40101 SET NAMES utf8mb4 */;

--
-- Base de datos: `4squares`
--

-- --------------------------------------------------------

--
-- Estructura de tabla para la tabla `avatars`
--

CREATE TABLE `avatars` (
  `id` int(11) NOT NULL,
  `url` varchar(300) NOT NULL
) ENGINE=InnoDB DEFAULT CHARSET=utf8mb4;

--
-- Volcado de datos para la tabla `avatars`
--

INSERT INTO `avatars` (`id`, `url`) VALUES
(1, 'avatar01.png'),
(2, 'avatar02.png'),
(3, 'avatar03.png'),
(4, 'avatar04.png'),
(5, 'avatar05.png'),
(6, 'avatar06.png');

-- --------------------------------------------------------

--
-- Estructura de tabla para la tabla `categories`
--

CREATE TABLE `categories` (
  `id` int(11) NOT NULL,
  `category` varchar(50) NOT NULL
) ENGINE=InnoDB DEFAULT CHARSET=utf8mb4;

--
-- Volcado de datos para la tabla `categories`
--

INSERT INTO `categories` (`id`, `category`) VALUES
(1, 'Estrategia'),
(2, 'Aventuras'),
(3, 'Familiares'),
(4, 'Cooperativos'),
(5, 'Fantasía'),
(6, 'Humor'),
(7, 'Misterio'),
(8, 'Ciencia Ficción'),
(9, 'Terror'),
(10, 'Ingenio');

-- --------------------------------------------------------

--
-- Estructura de tabla para la tabla `favorites`
--

CREATE TABLE `favorites` (
  `id` int(11) NOT NULL,
  `id_product` int(11) NOT NULL,
  `id_user` int(11) NOT NULL,
  `add_date` date NOT NULL DEFAULT current_timestamp()
) ENGINE=InnoDB DEFAULT CHARSET=utf8mb4;

-- --------------------------------------------------------

--
-- Estructura de tabla para la tabla `products`
--

CREATE TABLE `products` (
  `id` int(11) NOT NULL,
  `name` varchar(100) NOT NULL,
  `description` text NOT NULL DEFAULT 'Sin descripción',
  `shopping_link` varchar(500) NOT NULL,
  `min_players` int(11) NOT NULL DEFAULT 1,
  `max_players` int(11) NOT NULL,
  `length` int(11) NOT NULL,
  `minimum_age` int(11) NOT NULL DEFAULT 0,
  `type` int(11) NOT NULL,
  `category` int(11) NOT NULL,
  `publisher` int(11) NOT NULL,
  `add_date` datetime NOT NULL DEFAULT current_timestamp(),
  `hidden` tinyint(1) NOT NULL DEFAULT 0
) ENGINE=InnoDB DEFAULT CHARSET=utf8mb4;

--
-- Volcado de datos para la tabla `products`
--

INSERT INTO `products` (`id`, `name`, `description`, `shopping_link`, `min_players`, `max_players`, `length`, `minimum_age`, `type`, `category`, `publisher`, `add_date`, `hidden`) VALUES
(1, 'Ajedrez', 'Un juego de estrategia en el que dos jugadores se enfrentan en un tablero de 64 casillas con piezas como el rey, la reina, los caballos, etc. El objetivo es dar jaque mate al rey del oponente.', 'https://www.amazon.es/s?k=Ajedrez', 2, 6, 78, 4, 1, 1, 158, '2023-04-03 11:37:21', 0),
(2, 'Monopoly', 'Un juego de negociación y comercio en el que los jugadores compran y venden propiedades, construyen edificios y cobran alquiler a otros jugadores. El objetivo es hacer que los demás jugadores quiebren y ser el último en pie.', 'https://www.amazon.es/s?k=Monopoly', 2, 5, 39, 2, 1, 7, 111, '2023-04-03 11:37:22', 0),
(3, 'Scrabble', 'Un juego de palabras en el que los jugadores forman palabras con las letras que tienen en su poder en un tablero de 15x15 casillas. Cada letra tiene un valor y el objetivo es obtener la mayor cantidad de puntos.', 'https://www.amazon.es/s?k=Scrabble', 2, 4, 76, 4, 1, 7, 52, '2023-04-03 11:37:23', 0),
(4, 'Risk', 'Un juego de estrategia en el que los jugadores deben conquistar territorios y defenderlos de los ataques de otros jugadores. El objetivo es dominar el mundo.', 'https://www.amazon.es/s?k=Risk', 2, 5, 55, 3, 1, 9, 60, '2023-04-03 11:37:24', 0),
(5, 'Trivial Pursuit', 'Un juego de preguntas y respuestas en el que los jugadores deben responder correctamente preguntas en seis categorías diferentes. El objetivo es completar un quesito de cada categoría y luego llegar al centro del tablero.', 'https://www.amazon.es/s?k=Trivial+Pursuit', 2, 10, 51, 12, 1, 6, 154, '2023-04-03 11:37:25', 0),
(6, 'Catan', 'Un juego de estrategia en el que los jugadores construyen y comercian en una isla ficticia llamada Catan. El objetivo es obtener puntos construyendo ciudades, carreteras y colonias.', 'https://www.amazon.es/s?k=Catan', 2, 7, 138, 10, 1, 2, 39, '2023-04-03 11:37:26', 0),
(7, 'Carcassonne', 'Un juego de colocación de losetas en el que los jugadores construyen la ciudad de Carcassonne y sus alrededores. El objetivo es obtener la mayor cantidad de puntos completando ciudades, caminos y monasterios.', 'https://www.amazon.es/s?k=Carcassonne', 2, 8, 68, 12, 1, 1, 158, '2023-04-03 11:37:27', 0),
(8, 'Dominion', 'Un juego de construcción de mazos en el que los jugadores construyen sus propios mazos de cartas y compiten por puntos. El objetivo es obtener la mayor cantidad de puntos comprando cartas y construyendo un mazo eficiente.', 'https://www.amazon.es/s?k=Dominion', 2, 12, 146, 12, 2, 9, 72, '2023-04-03 11:37:28', 0),
(9, 'Pandemic', 'Un juego cooperativo en el que los jugadores trabajan juntos para detener la propagación de enfermedades por todo el mundo. El objetivo es curar las cuatro enfermedades antes de que se propague por todo el mundo.', 'https://www.amazon.es/s?k=Pandemic', 2, 10, 133, 3, 1, 4, 42, '2023-04-03 11:37:29', 0),
(10, 'Clue', 'Un juego de deducción en el que los jugadores deben descubrir quién mató al Sr. Black, con qué arma y en qué habitación. Los jugadores hacen preguntas y deducen la solución del crimen.', 'https://www.amazon.es/s?k=Clue', 2, 8, 62, 8, 1, 6, 98, '2023-04-03 11:37:30', 0),
(11, 'Jenga', 'Un juego de habilidad en el que los jugadores deben retirar bloques de madera de una torre y colocarlos en la parte superior sin hacer que se derrumbe.', 'https://www.amazon.es/s?k=Jenga', 2, 3, 110, 12, 4, 1, 35, '2023-04-03 11:37:31', 0),
(12, 'Twister', 'Un juego físico en el que los jugadores deben colocar sus manos y pies en círculos de colores en un tapete. El objetivo es no caerse mientras los otros jugadores hacen lo mismo.', 'https://www.amazon.es/s?k=Twister', 2, 11, 26, 0, 4, 7, 68, '2023-04-03 11:37:32', 0),
(13, 'Puerto Rico', 'Un juego de estrategia en el que los jugadores construyen edificios y plantaciones en la isla de Puerto Rico. El objetivo es obtener la mayor cantidad de puntos comerciando con las plantaciones y los edificios.', 'https://www.amazon.es/s?k=Puerto+Rico', 2, 12, 35, 12, 3, 2, 105, '2023-04-03 11:37:33', 0),
(14, 'Ticket to Ride', 'Un juego de mesa de estrategia en el que los jugadores construyen vías de tren entre ciudades para obtener puntos.', 'https://www.amazon.es/s?k=Ticket+to+Ride', 2, 2, 105, 8, 1, 1, 34, '2023-04-03 11:37:34', 0),
(15, 'Battleship', 'Un juego de mesa de estrategia en el que dos jugadores se turnan para tratar de hundir los barcos del oponente.', 'https://www.amazon.es/s?k=Battleship', 2, 8, 68, 2, 1, 6, 167, '2023-04-03 11:37:35', 0),
(16, 'Stratego', 'Un juego de mesa de estrategia en el que los jugadores intentan capturar la bandera del oponente mientras protegen la suya.', 'https://www.amazon.es/s?k=Stratego', 2, 11, 69, 5, 1, 1, 22, '2023-04-03 11:37:36', 0),
(17, 'Dixit', 'Un juego de cartas en el que los jugadores deben describir una carta con una frase o una palabra. Los demás jugadores deben elegir una carta de su mano que mejor se ajuste a esa descripción.', 'https://www.amazon.es/s?k=Dixit', 2, 9, 34, 11, 2, 1, 77, '2023-04-03 11:37:37', 0),
(18, 'Splendor', 'Un juego de mesa de estrategia en el que los jugadores compiten por puntos a través de la compra de gemas y cartas de desarrollo.', 'https://www.amazon.es/s?k=Splendor', 2, 8, 81, 3, 2, 6, 127, '2023-04-03 11:37:38', 0),
(19, 'Azul', 'Un juego de mesa de estrategia en el que los jugadores crean patrones de azulejos en una pared. El objetivo es obtener la mayor cantidad de puntos.', 'https://www.amazon.es/s?k=Azul', 2, 2, 79, 9, 1, 6, 69, '2023-04-03 11:37:39', 0),
(20, 'Santorini', 'Un juego de mesa de estrategia en el que los jugadores construyen edificios en una isla y tratan de llegar a la cima de la montaña. El objetivo es ser el primero en alcanzar la cima o bloquear a los oponentes.', 'https://www.amazon.es/s?k=Santorini', 2, 7, 79, 3, 1, 3, 160, '2023-04-03 11:37:40', 0),
(21, 'Codenames', 'Un juego de palabras en el que los jugadores deben adivinar la palabra correcta a partir de una pista dada por su compañero de equipo.', 'https://www.amazon.es/s?k=Codenames', 2, 7, 77, 9, 2, 7, 152, '2023-04-03 11:37:41', 0),
(22, 'Munchkin', 'Un juego de cartas en el que los jugadores asumen el papel de aventureros en un mundo de fantasía y luchan contra monstruos para obtener niveles y tesoros.', 'https://www.amazon.es/s?k=Munchkin', 2, 11, 140, 2, 2, 9, 8, '2023-04-03 11:37:42', 0),
(23, 'Magic: The Gathering', 'Un juego de cartas coleccionable en el que los jugadores construyen mazos de cartas con diferentes habilidades y hechizos para derrotar a su oponente.', 'https://www.amazon.es/s?k=Magic:+The+Gathering', 2, 12, 27, 5, 2, 6, 90, '2023-04-03 11:37:43', 0),
(24, 'King of Tokyo', 'Un juego de mesa de dados en el que los jugadores juegan como monstruos gigantes que luchan por el control de la ciudad de Tokio.', 'https://www.amazon.es/s?k=King+of+Tokyo', 2, 2, 72, 2, 4, 3, 78, '2023-04-03 11:37:44', 0),
(25, 'Bang!', 'Un juego de mesa de deducción en el que los jugadores juegan como forajidos del Viejo Oeste que intentan matar al Sheriff o al Vice-Sheriff mientras evitan ser descubiertos.', 'https://www.amazon.es/s?k=Bang!', 2, 2, 101, 11, 2, 4, 153, '2023-04-03 11:37:45', 0),
(26, 'Betrayal at Baldurs Gate', 'Un juego de mesa de aventuras en el que los jugadores exploran una ciudad de fantasía y se enfrentan a criaturas malignas. Uno de los jugadores se convierte en el traidor y debe luchar contra los demás.', 'https://www.amazon.es/s?k=Betrayal+at+Baldurs+Gate', 2, 12, 72, 0, 3, 9, 4, '2023-04-03 11:37:46', 0),
(27, 'Boss Monster', 'Un juego de mesa de construcción de mazos en el que los jugadores juegan como jefes de mazmorra que construyen mazmorras para atraer a los aventureros y matarlos.', 'https://www.amazon.es/s?k=Boss+Monster', 2, 10, 71, 8, 2, 6, 60, '2023-04-03 11:37:47', 0),
(28, 'Dead of Winter', 'Un juego de mesa de supervivencia en el que los jugadores intentan sobrevivir en un mundo post-apocalíptico infestado de zombis. Los jugadores tienen que reunir recursos, luchar contra los zombis y cumplir con objetivos secretos.', 'https://www.amazon.es/s?k=Dead+of+Winter', 2, 11, 118, 0, 3, 4, 75, '2023-04-03 11:37:48', 0),
(29, 'Spyfall', 'Un juego de mesa de deducción en el que los jugadores juegan como espías que intentan adivinar la ubicación secreta mientras evitan ser descubiertos.', 'https://www.amazon.es/s?k=Spyfall', 2, 3, 23, 12, 2, 1, 16, '2023-04-03 11:37:49', 0),
(30, 'The Resistance', 'Un juego de roles en el que los jugadores se dividen en dos equipos, los rebeldes y los espías. Los espías deben sabotear las misiones de los rebeldes sin ser descubiertos.', 'https://www.amazon.es/s?k=The+Resistance', 2, 3, 127, 2, 2, 3, 163, '2023-04-03 11:37:50', 0),
(31, 'Gloomhaven', 'Un juego de mesa de aventuras en el que los jugadores controlan un grupo de mercenarios en un mundo de fantasía y completan misiones para ganar puntos y experiencia.', 'https://www.amazon.es/s?k=Gloomhaven', 2, 12, 92, 11, 3, 6, 36, '2023-04-03 11:37:51', 0),
(32, 'Hive', 'Un juego de mesa de estrategia en el que los jugadores juegan como insectos que intentan rodear a la abeja reina del oponente.', 'https://www.amazon.es/s?k=Hive', 2, 7, 121, 11, 1, 1, 52, '2023-04-03 11:37:52', 0),
(33, 'Photosynthesis', 'Un juego de mesa de estrategia en el que los jugadores juegan como árboles que intentan crecer y reproducirse para obtener la mayor cantidad de puntos de luz solar.', 'https://www.amazon.es/s?k=Photosynthesis', 2, 11, 93, 2, 1, 1, 43, '2023-04-03 11:37:53', 0),
(34, 'Sushi Go!', 'Un juego de mesa de recolección de cartas en el que los jugadores intentan construir la mejor comida de sushi posible a partir de cartas de diferentes tipos de sushi.', 'https://www.amazon.es/s?k=Sushi+Go!', 2, 10, 35, 7, 2, 1, 151, '2023-04-03 11:37:54', 0),
(35, 'Machi Koro', 'Un juego de mesa de construcción de ciudades en el que los jugadores construyen edificios y establecimientos para mejorar su ciudad y obtener la mayor cantidad de monedas posible.', 'https://www.amazon.es/s?k=Machi+Koro', 2, 4, 136, 3, 4, 7, 75, '2023-04-03 11:37:55', 0),
(36, 'Forbidden Island', 'Un juego de mesa cooperativo en el que los jugadores deben trabajar juntos para recuperar artefactos valiosos de una isla antes de que se hunda en el mar.', 'https://www.amazon.es/s?k=Forbidden+Island', 2, 8, 48, 11, 1, 8, 128, '2023-04-03 11:37:56', 0),
(37, 'Hanabi', 'Un juego de cartas cooperativo en el que los jugadores trabajan juntos para crear un espectáculo de fuegos artificiales perfecto, pero cada jugador solo puede ver las cartas de los demás.', 'https://www.amazon.es/s?k=Hanabi', 2, 8, 77, 10, 2, 10, 21, '2023-04-03 11:37:57', 0),
(38, 'Spy Alley', 'Un juego de mesa de deducción en el que los jugadores juegan como espías encubiertos que intentan descubrir la identidad del espía enemigo mientras evitan ser descubiertos.', 'https://www.amazon.es/s?k=Spy+Alley', 2, 2, 118, 1, 3, 6, 10, '2023-04-03 11:37:58', 0),
(39, 'The Settlers of Catan', 'Un juego de mesa de estrategia en el que los jugadores construyen asentamientos y ciudades en una isla mientras recolectan recursos y comercian con otros jugadores.', 'https://www.amazon.es/s?k=The+Settlers+of+Catan', 2, 2, 23, 7, 1, 1, 120, '2023-04-03 11:37:59', 0),
(40, 'Terraforming Mars', 'Un juego de mesa de estrategia en el que los jugadores juegan como corporaciones que intentan terraformar el planeta Marte para que sea habitable para los humanos.', 'https://www.amazon.es/s?k=Terraforming+Mars', 2, 5, 32, 9, 1, 3, 35, '2023-04-03 11:38:00', 0),
(41, 'Power Grid', 'Un juego de mesa de estrategia económica en el que los jugadores intentan construir y gestionar una red eléctrica para suministrar energía a diferentes ciudades.', 'https://www.amazon.es/s?k=Power+Grid', 2, 4, 142, 12, 1, 1, 7, '2023-04-03 11:38:01', 0),
(42, 'Small World', 'Un juego de mesa de estrategia en el que los jugadores controlan razas fantásticas y luchan por el control de territorios y recursos.', 'https://www.amazon.es/s?k=Small+World', 2, 8, 113, 6, 1, 4, 121, '2023-04-03 11:38:02', 0),
(43, 'Arkham Horror', 'Un juego de mesa de aventuras en el que los jugadores juegan como investigadores que intentan evitar que los monstruos de Lovecraft destruyan la ciudad de Arkham.', 'https://www.amazon.es/s?k=Arkham+Horror', 2, 9, 104, 4, 3, 1, 49, '2023-04-03 11:38:03', 0),
(44, 'A Game of Thrones: The Board Game', 'The Board Game: Basado en los libros y la serie de televisión, este juego de mesa es una simulación de guerra y diplomacia entre varias familias de Westeros. Los jugadores tratan de conquistar y controlar los territorios para ganar el control del Trono de Hierro. El juego incluye elementos de estrategia, intriga y traición.', 'https://www.amazon.es/s?k=A+Game+of+Thrones:+The+Board+Game', 2, 6, 21, 1, 3, 5, 136, '2023-04-03 11:38:04', 0),
(45, '7 Wonders', 'Un juego de mesa de estrategia en el que los jugadores construyen ciudades antiguas y maravillas del mundo para obtener puntos.', 'https://www.amazon.es/s?k=7+Wonders', 2, 6, 20, 6, 2, 7, 23, '2023-04-03 11:38:05', 0),
(46, 'Lords of Waterdeep', 'Este juego de mesa de estrategia es ambientado en la ciudad ficticia de Waterdeep en el universo de Dungeons & Dragons. Los jugadores asumen el papel de señores encubiertos y compiten por la influencia en la ciudad mediante la adquisición de aventureros y la realización de misiones. El juego incluye una mecánica de colocación de trabajadores y un elemento de ocultamiento de información.', 'https://www.amazon.es/s?k=Lords+of+Waterdeep', 2, 6, 76, 12, 1, 7, 110, '2023-04-03 11:38:06', 0),
(47, 'Sheriff of Nottingham', 'Sheriff of Nottingham: Un juego de mesa de negociación y engaño en el que los jugadores asumen el papel de mercaderes y deben pasar mercancía a través de la aduana mientras tratan de engañar al sheriff.', 'https://www.amazon.es/s?k=Sheriff+of+Nottingham', 2, 11, 63, 5, 1, 9, 35, '2023-04-03 11:38:07', 0),
(48, 'Scythe', 'Un juego de estrategia ambientado en una Europa alternativa en los años 20 en el que los jugadores construyen mechas y luchan por el control del territorio.', 'https://www.amazon.es/s?k=Scythe', 2, 9, 52, 4, 3, 7, 77, '2023-04-03 11:38:08', 0),
(49, 'Talisman', 'Este juego de mesa es un juego de aventuras de fantasía donde los jugadores se mueven por un tablero y luchan contra monstruos y recolectan tesoros. Cada jugador selecciona un personaje con habilidades y atributos únicos y utiliza cartas para influir en los resultados de los dados. El objetivo del juego es llegar al centro del tablero y enfrentarse al poderoso Talismán. El juego incluye una gran cantidad de cartas y piezas, lo que lo hace muy temático y variado.', 'https://www.amazon.es/s?k=Talisman', 2, 12, 92, 11, 2, 8, 6, '2023-04-03 11:38:09', 0),
(50, 'Dominion: Intrigue', 'Intrigue: Una expansión del juego Dominion en la que se añaden nuevas cartas y se pueden jugar partidas con más jugadores.', 'https://www.amazon.es/s?k=Dominion:+Intrigue', 2, 3, 82, 10, 2, 1, 106, '2023-04-03 11:38:10', 0);

-- --------------------------------------------------------

--
-- Estructura de tabla para la tabla `product_medias`
--

CREATE TABLE `product_medias` (
  `id` int(11) NOT NULL,
  `id_product` int(11) NOT NULL,
  `url` varchar(300) NOT NULL,
  `type` varchar(50) NOT NULL DEFAULT 'image'
) ENGINE=InnoDB DEFAULT CHARSET=utf8mb4;

--
-- Volcado de datos para la tabla `product_medias`
--

INSERT INTO `product_medias` (`id`, `id_product`, `url`, `type`) VALUES
(1, 1, '1-Ajedrez/1.jpg', 'image'),
(2, 1, '1-Ajedrez/2.jpg', 'image'),
(3, 1, '1-Ajedrez/3.jpg', 'image'),
(4, 1, '1-Ajedrez/4.jpg', 'image'),
(5, 2, '2-Monopoly/1.jpg', 'image'),
(6, 2, '2-Monopoly/2.jpg', 'image'),
(7, 2, '2-Monopoly/3.jpg', 'image'),
(8, 2, '2-Monopoly/4.jpg', 'image'),
(9, 2, '2-Monopoly/5.jpg', 'image'),
(10, 2, '2-Monopoly/6.jpg', 'image');

-- --------------------------------------------------------

--
-- Estructura de tabla para la tabla `publishers`
--

CREATE TABLE `publishers` (
  `id` int(11) NOT NULL,
  `publisher` varchar(50) NOT NULL
) ENGINE=InnoDB DEFAULT CHARSET=utf8mb4;

--
-- Volcado de datos para la tabla `publishers`
--

INSERT INTO `publishers` (`id`, `publisher`) VALUES
(1, '2 Tomatoes Games'),
(2, '4Moon Studio'),
(3, 'ARRAKIS GAMES'),
(4, 'ABACUSSPIELE'),
(5, 'AEG'),
(6, 'Abba games'),
(7, 'AKUMA STUDIO'),
(8, 'Alea'),
(9, 'Amigo'),
(10, 'Artipia Games'),
(11, 'Ammonit'),
(12, 'Ankama'),
(13, 'Arcane Wonders'),
(14, 'Argentum Verlag'),
(15, 'Asylum Games'),
(16, 'Asmodee'),
(17, 'ASSA GAMES'),
(18, 'Bioviva'),
(19, 'Axel'),
(20, 'Bellica 3g'),
(21, 'Bezier Games'),
(22, 'Battlefront'),
(23, 'Blauberry'),
(24, 'Black Box Games Publishing'),
(25, 'Brain Picnic'),
(26, 'Caravan Games'),
(27, 'Cayro'),
(28, 'Cosplay Original'),
(29, 'Caótica Ediciones'),
(30, 'CEFA'),
(31, 'Conbarba'),
(32, 'Cocktail Games'),
(33, 'Crazy Pawn Games'),
(34, 'Cryptozoic Entertainment'),
(35, 'Cranio Creations'),
(36, 'Creative Toys'),
(37, 'Drawlab entertainment'),
(38, 'Daqora'),
(39, 'Devir'),
(40, 'DaVinci Games'),
(41, 'Days Of Wonder'),
(42, 'DJECO'),
(43, 'DMZ'),
(44, 'dlp games'),
(45, 'Dizemo Entertainment'),
(46, 'DVG'),
(47, 'Draco Ideas'),
(48, 'Edge Entertainment'),
(49, 'Eagle Games'),
(50, 'Ediciones Mas Que Oca'),
(51, 'Ediciones Epicismo'),
(52, 'ELEGE Ibérica'),
(53, 'El Viejo Tercio'),
(54, 'Ediciones Sombra'),
(55, 'Ediciones Primigenio'),
(56, 'Edigrafica Games'),
(57, 'Egmont'),
(58, 'Elite Games'),
(59, 'e-Raptor'),
(60, 'Falomir Juegos'),
(61, 'Fantasy Flight Games'),
(62, 'FLEXIQ'),
(63, 'Flying frog productions'),
(64, 'Fireside Games'),
(65, 'Ferti Games'),
(66, 'Foxtrot Games'),
(67, 'Game salute'),
(68, 'Gabinete Lúdico'),
(69, 'Gamegenic'),
(70, 'GameZone Miniatures'),
(71, 'Galileo Nenos'),
(72, 'Gen X Games'),
(73, 'Guerra de Mitos'),
(74, 'Giochix.It'),
(75, 'GMT Games'),
(76, 'Hasbro'),
(77, 'Haba'),
(78, 'Homoludicus'),
(79, 'Hexasim'),
(80, 'Holocubierta'),
(81, 'Hurrican Games'),
(82, 'HUCH and friends'),
(83, 'Heidelberger'),
(84, 'Hans im Glück'),
(85, 'Inventure Cloud'),
(86, 'Indie Boards and Cards'),
(87, 'Iello'),
(88, 'Juegos de la Mesa Redonda'),
(89, 'Juegos Darbel'),
(90, 'Kosmos'),
(91, 'Kuznia Gier'),
(92, 'La guarida del trasgo'),
(93, 'La Marca del Este'),
(94, 'Lautapelit'),
(95, 'Level 99 games'),
(96, 'Libellud'),
(97, 'Ludilo'),
(98, 'Ludonova'),
(99, 'Ludically'),
(100, 'Ludotecnia'),
(101, 'LudoSentinel'),
(102, 'Lui-Meme'),
(103, 'Meridiano 6'),
(104, 'Margaret Weis Productions'),
(105, 'Motor de Emociones'),
(106, 'Mercurio'),
(107, 'Mage Company'),
(108, 'Matagot'),
(109, 'Maldito Games'),
(110, 'Mayfair Games'),
(111, 'Mantic'),
(112, 'Mindclash Games'),
(113, 'Mebo'),
(114, 'Mont Taber'),
(115, 'Mayday games'),
(116, 'NSKN Games'),
(117, 'Noris Spiele'),
(118, 'NoSoloRol'),
(119, 'Pendragon'),
(120, 'Pegasus Spiele'),
(121, 'Plaid Hat Games'),
(122, 'Peka Editorial'),
(123, 'Portal games'),
(124, 'ProDOS Games, Ltd'),
(125, 'Queen Games'),
(126, 'Q-Workshop'),
(127, 'Quined Games'),
(128, 'R&R Games'),
(129, 'Rackham'),
(130, 'Repos Production'),
(131, 'Ravensburger'),
(132, 'Regalador'),
(133, 'REBEL.PL'),
(134, 'Renegade Game Studios'),
(135, 'Rio Grande Games'),
(136, 'Red Glove'),
(137, 'Schmidt'),
(138, 'Salt and Pepper Games'),
(139, 'Satarichi'),
(140, 'Storyception Games'),
(141, 'Selecta Spielzeug'),
(142, 'SD Games'),
(143, 'Stronghold Games'),
(144, 'Smiling Goblin'),
(145, 'SNAKE EYES GAMES'),
(146, 'Thinkfun'),
(147, 'TMG'),
(148, 'Treefrog Games'),
(149, 'Toy Vault,Inc.'),
(150, 'Tranjis Games'),
(151, 'Upper Deck Entertainment'),
(152, 'Ultimate Guard'),
(153, 'Ultra Pro'),
(154, 'Valley Games, Inc.'),
(155, 'Vedra Games'),
(156, 'Vento Nuovo Games'),
(157, 'Victory Point Games'),
(158, 'Viravi'),
(159, 'White Goblin Games'),
(160, 'Warlord Games'),
(161, 'What\'s Your Game?'),
(162, 'Wizards of the Coast'),
(163, 'White wizard games'),
(164, 'Wizkids'),
(165, 'Ystari Games'),
(166, 'Z-MAN games'),
(167, 'Zas Play'),
(168, 'Zoch'),
(169, 'Zacatrus');

-- --------------------------------------------------------

--
-- Estructura de tabla para la tabla `reviews`
--

CREATE TABLE `reviews` (
  `id` int(11) NOT NULL,
  `id_product` int(11) NOT NULL,
  `id_user` int(11) NOT NULL,
  `review` text NOT NULL,
  `add_date` date NOT NULL DEFAULT current_timestamp(),
  `hidden` tinyint(1) NOT NULL DEFAULT 0
) ENGINE=InnoDB DEFAULT CHARSET=utf8mb4;

-- --------------------------------------------------------

--
-- Estructura de tabla para la tabla `scores`
--

CREATE TABLE `scores` (
  `id` int(11) NOT NULL,
  `id_product` int(11) NOT NULL,
  `id_user` int(11) NOT NULL,
  `score` int(1) UNSIGNED NOT NULL
) ENGINE=InnoDB DEFAULT CHARSET=utf8mb4;

--
-- Volcado de datos para la tabla `scores`
--

INSERT INTO `scores` (`id`, `id_product`, `id_user`, `score`) VALUES
(54, 1, 62, 4),
(55, 2, 62, 3),
(56, 3, 62, 1),
(57, 4, 62, 1),
(58, 5, 62, 3),
(59, 6, 62, 1),
(60, 7, 62, 5),
(61, 8, 62, 1),
(62, 9, 62, 3),
(63, 10, 62, 4),
(64, 11, 62, 2),
(65, 12, 62, 5),
(66, 13, 62, 1),
(67, 14, 62, 2),
(68, 15, 62, 5),
(69, 16, 62, 1),
(70, 17, 62, 4),
(71, 18, 62, 4),
(72, 19, 62, 0),
(73, 20, 62, 0),
(74, 21, 62, 0),
(75, 22, 62, 1),
(76, 23, 62, 5),
(77, 24, 62, 3),
(78, 25, 62, 3),
(79, 26, 62, 3),
(80, 27, 62, 3),
(81, 28, 62, 5),
(82, 29, 62, 1),
(83, 30, 62, 5),
(84, 31, 62, 1),
(85, 32, 62, 4),
(86, 33, 62, 3),
(87, 34, 62, 3),
(88, 35, 62, 5),
(89, 36, 62, 1),
(90, 37, 62, 5),
(91, 38, 62, 0),
(92, 39, 62, 1),
(93, 40, 62, 0),
(94, 41, 62, 4),
(95, 42, 62, 5),
(96, 43, 62, 0),
(97, 44, 62, 1),
(98, 45, 62, 2),
(99, 46, 62, 2),
(100, 47, 62, 1),
(101, 48, 62, 2),
(102, 49, 62, 5),
(103, 50, 62, 1),
(104, 1, 67, 5),
(105, 2, 67, 3),
(106, 3, 67, 2),
(107, 4, 67, 5),
(108, 5, 67, 0),
(109, 6, 67, 0),
(110, 7, 67, 4),
(111, 8, 67, 4),
(112, 9, 67, 3),
(113, 10, 67, 3),
(114, 11, 67, 3),
(115, 12, 67, 0),
(116, 13, 67, 5),
(117, 14, 67, 5),
(118, 15, 67, 5),
(119, 16, 67, 5),
(120, 17, 67, 1),
(121, 18, 67, 3),
(122, 19, 67, 5),
(123, 20, 67, 5),
(124, 21, 67, 5),
(125, 22, 67, 5),
(126, 23, 67, 0),
(127, 24, 67, 0),
(128, 25, 67, 3),
(129, 26, 67, 5),
(130, 27, 67, 3),
(131, 28, 67, 1),
(132, 29, 67, 0),
(133, 30, 67, 1),
(134, 31, 67, 3),
(135, 32, 67, 1),
(136, 33, 67, 5),
(137, 34, 67, 3),
(138, 35, 67, 3),
(139, 36, 67, 4),
(140, 37, 67, 0),
(141, 38, 67, 3),
(142, 39, 67, 0),
(143, 40, 67, 1),
(144, 41, 67, 5),
(145, 42, 67, 3),
(146, 43, 67, 2),
(147, 44, 67, 4),
(148, 45, 67, 1),
(149, 46, 67, 3),
(150, 47, 67, 1),
(151, 48, 67, 2),
(152, 49, 67, 2),
(153, 50, 67, 4),
(154, 1, 72, 4),
(155, 2, 72, 4),
(156, 3, 72, 1),
(157, 4, 72, 1),
(158, 5, 72, 1),
(159, 6, 72, 5),
(160, 7, 72, 2),
(161, 8, 72, 4),
(162, 9, 72, 5),
(163, 10, 72, 0),
(164, 11, 72, 2),
(165, 12, 72, 1),
(166, 13, 72, 1),
(167, 14, 72, 4),
(168, 15, 72, 0),
(169, 16, 72, 2),
(170, 17, 72, 2),
(171, 18, 72, 1),
(172, 19, 72, 0),
(173, 20, 72, 2),
(174, 21, 72, 5),
(175, 22, 72, 3),
(176, 23, 72, 1),
(177, 24, 72, 0),
(178, 25, 72, 3),
(179, 26, 72, 0),
(180, 27, 72, 3),
(181, 28, 72, 2),
(182, 29, 72, 2),
(183, 30, 72, 2),
(184, 31, 72, 4),
(185, 32, 72, 1),
(186, 33, 72, 5),
(187, 34, 72, 4),
(188, 35, 72, 3),
(189, 36, 72, 0),
(190, 37, 72, 4),
(191, 38, 72, 2),
(192, 39, 72, 3),
(193, 40, 72, 4),
(194, 41, 72, 3),
(195, 42, 72, 0),
(196, 43, 72, 4),
(197, 44, 72, 2),
(198, 45, 72, 5),
(199, 46, 72, 0),
(200, 47, 72, 4),
(201, 48, 72, 5),
(202, 49, 72, 1),
(203, 50, 72, 0),
(204, 1, 81, 3),
(205, 2, 81, 4),
(206, 3, 81, 0),
(207, 4, 81, 5),
(208, 5, 81, 4),
(209, 6, 81, 0),
(210, 7, 81, 3),
(211, 8, 81, 1),
(212, 9, 81, 1),
(213, 10, 81, 3),
(214, 11, 81, 2),
(215, 12, 81, 3),
(216, 13, 81, 1),
(217, 14, 81, 0),
(218, 15, 81, 0),
(219, 16, 81, 5),
(220, 17, 81, 1),
(221, 18, 81, 2),
(222, 19, 81, 3),
(223, 20, 81, 0),
(224, 21, 81, 0),
(225, 22, 81, 3),
(226, 23, 81, 3),
(227, 24, 81, 2),
(228, 25, 81, 0),
(229, 26, 81, 3),
(230, 27, 81, 4),
(231, 28, 81, 2),
(232, 29, 81, 2),
(233, 30, 81, 5),
(234, 31, 81, 1),
(235, 32, 81, 0),
(236, 33, 81, 3),
(237, 34, 81, 5),
(238, 35, 81, 1),
(239, 36, 81, 1),
(240, 37, 81, 4),
(241, 38, 81, 4),
(242, 39, 81, 5),
(243, 40, 81, 1),
(244, 41, 81, 4),
(245, 42, 81, 5),
(246, 43, 81, 4),
(247, 44, 81, 2),
(248, 45, 81, 3),
(249, 46, 81, 2),
(250, 47, 81, 5),
(251, 48, 81, 2),
(252, 49, 81, 3),
(253, 50, 81, 0),
(254, 1, 94, 5),
(255, 2, 94, 4),
(256, 3, 94, 1),
(257, 4, 94, 5),
(258, 5, 94, 5),
(259, 6, 94, 4),
(260, 7, 94, 3),
(261, 8, 94, 5),
(262, 9, 94, 4),
(263, 10, 94, 5),
(264, 11, 94, 1),
(265, 12, 94, 4),
(266, 13, 94, 3),
(267, 14, 94, 3),
(268, 15, 94, 2),
(269, 16, 94, 0),
(270, 17, 94, 5),
(271, 18, 94, 2),
(272, 19, 94, 5),
(273, 20, 94, 2),
(274, 21, 94, 1),
(275, 22, 94, 1),
(276, 23, 94, 1),
(277, 24, 94, 1),
(278, 25, 94, 0),
(279, 26, 94, 0),
(280, 27, 94, 2),
(281, 28, 94, 0),
(282, 29, 94, 3),
(283, 30, 94, 0),
(284, 31, 94, 5),
(285, 32, 94, 0),
(286, 33, 94, 1),
(287, 34, 94, 3),
(288, 35, 94, 1),
(289, 36, 94, 4),
(290, 37, 94, 3),
(291, 38, 94, 5),
(292, 39, 94, 5),
(293, 40, 94, 4),
(294, 41, 94, 0),
(295, 42, 94, 3),
(296, 43, 94, 2),
(297, 44, 94, 2),
(298, 45, 94, 2),
(299, 46, 94, 4),
(300, 47, 94, 0),
(301, 48, 94, 3),
(302, 49, 94, 3),
(303, 50, 94, 2),
(304, 1, 95, 1),
(305, 2, 95, 1),
(306, 3, 95, 2),
(307, 4, 95, 1),
(308, 5, 95, 2),
(309, 6, 95, 4),
(310, 7, 95, 3),
(311, 8, 95, 0),
(312, 9, 95, 4),
(313, 10, 95, 0),
(314, 11, 95, 5),
(315, 12, 95, 1),
(316, 13, 95, 3),
(317, 14, 95, 5),
(318, 15, 95, 4),
(319, 16, 95, 4),
(320, 17, 95, 2),
(321, 18, 95, 3),
(322, 19, 95, 5),
(323, 20, 95, 0),
(324, 21, 95, 1),
(325, 22, 95, 4),
(326, 23, 95, 4),
(327, 24, 95, 4),
(328, 25, 95, 2),
(329, 26, 95, 0),
(330, 27, 95, 2),
(331, 28, 95, 4),
(332, 29, 95, 5),
(333, 30, 95, 4),
(334, 31, 95, 2),
(335, 32, 95, 0),
(336, 33, 95, 3),
(337, 34, 95, 3),
(338, 35, 95, 4),
(339, 36, 95, 0),
(340, 37, 95, 2),
(341, 38, 95, 0),
(342, 39, 95, 4),
(343, 40, 95, 0),
(344, 41, 95, 5),
(345, 42, 95, 3),
(346, 43, 95, 1),
(347, 44, 95, 1),
(348, 45, 95, 0),
(349, 46, 95, 5),
(350, 47, 95, 5),
(351, 48, 95, 5),
(352, 49, 95, 3),
(353, 50, 95, 5),
(354, 1, 97, 4),
(355, 2, 97, 5),
(356, 3, 97, 3),
(357, 4, 97, 1),
(358, 5, 97, 3),
(359, 6, 97, 0),
(360, 7, 97, 1),
(361, 8, 97, 5),
(362, 9, 97, 1),
(363, 10, 97, 5),
(364, 11, 97, 4),
(365, 12, 97, 4),
(366, 13, 97, 4),
(367, 14, 97, 0),
(368, 15, 97, 4),
(369, 16, 97, 3),
(370, 17, 97, 2),
(371, 18, 97, 3),
(372, 19, 97, 2),
(373, 20, 97, 5),
(374, 21, 97, 1),
(375, 22, 97, 4),
(376, 23, 97, 5),
(377, 24, 97, 0),
(378, 25, 97, 4),
(379, 26, 97, 2),
(380, 27, 97, 0),
(381, 28, 97, 1),
(382, 29, 97, 1),
(383, 30, 97, 1),
(384, 31, 97, 5),
(385, 32, 97, 1),
(386, 33, 97, 0),
(387, 34, 97, 4),
(388, 35, 97, 0),
(389, 36, 97, 5),
(390, 37, 97, 1),
(391, 38, 97, 1),
(392, 39, 97, 5),
(393, 40, 97, 0),
(394, 41, 97, 5),
(395, 42, 97, 5),
(396, 43, 97, 3),
(397, 44, 97, 4),
(398, 45, 97, 3),
(399, 46, 97, 4),
(400, 47, 97, 2),
(401, 48, 97, 5),
(402, 49, 97, 4),
(403, 50, 97, 4),
(404, 1, 101, 1),
(405, 2, 101, 1),
(406, 3, 101, 2),
(407, 4, 101, 3),
(408, 5, 101, 5),
(409, 6, 101, 0),
(410, 7, 101, 0),
(411, 8, 101, 3),
(412, 9, 101, 0),
(413, 10, 101, 5),
(414, 11, 101, 4),
(415, 12, 101, 4),
(416, 13, 101, 0),
(417, 14, 101, 3),
(418, 15, 101, 5),
(419, 16, 101, 4),
(420, 17, 101, 2),
(421, 18, 101, 1),
(422, 19, 101, 5),
(423, 20, 101, 2),
(424, 21, 101, 4),
(425, 22, 101, 5),
(426, 23, 101, 4),
(427, 24, 101, 0),
(428, 25, 101, 1),
(429, 26, 101, 4),
(430, 27, 101, 0),
(431, 28, 101, 4),
(432, 29, 101, 3),
(433, 30, 101, 2),
(434, 31, 101, 5),
(435, 32, 101, 1),
(436, 33, 101, 2),
(437, 34, 101, 4),
(438, 35, 101, 3),
(439, 36, 101, 3),
(440, 37, 101, 3),
(441, 38, 101, 2),
(442, 39, 101, 3),
(443, 40, 101, 0),
(444, 41, 101, 0),
(445, 42, 101, 1),
(446, 43, 101, 2),
(447, 44, 101, 1),
(448, 45, 101, 1),
(449, 46, 101, 2),
(450, 47, 101, 3),
(451, 48, 101, 2),
(452, 49, 101, 1),
(453, 50, 101, 1),
(454, 1, 64, 1),
(455, 2, 64, 4),
(456, 3, 64, 4),
(457, 4, 64, 3),
(458, 5, 64, 5),
(459, 6, 64, 2),
(460, 7, 64, 0),
(461, 8, 64, 3),
(462, 9, 64, 3),
(463, 10, 64, 2),
(464, 11, 64, 0),
(465, 12, 64, 4),
(466, 13, 64, 1),
(467, 14, 64, 0),
(468, 15, 64, 2),
(469, 16, 64, 4),
(470, 17, 64, 3),
(471, 18, 64, 1),
(472, 19, 64, 5),
(473, 20, 64, 4),
(474, 21, 64, 3),
(475, 22, 64, 2),
(476, 23, 64, 3),
(477, 24, 64, 2),
(478, 25, 64, 2),
(479, 26, 64, 0),
(480, 27, 64, 0),
(481, 28, 64, 4),
(482, 29, 64, 0),
(483, 30, 64, 4),
(484, 31, 64, 3),
(485, 32, 64, 3),
(486, 33, 64, 4),
(487, 34, 64, 1),
(488, 35, 64, 0),
(489, 36, 64, 5),
(490, 37, 64, 2),
(491, 38, 64, 0),
(492, 39, 64, 5),
(493, 40, 64, 2),
(494, 41, 64, 2),
(495, 42, 64, 2),
(496, 43, 64, 4),
(497, 44, 64, 2),
(498, 45, 64, 0),
(499, 46, 64, 3),
(500, 47, 64, 0),
(501, 48, 64, 2),
(502, 49, 64, 2),
(503, 50, 64, 2),
(504, 1, 69, 0),
(505, 2, 69, 4),
(506, 3, 69, 5),
(507, 4, 69, 0),
(508, 5, 69, 4),
(509, 6, 69, 5),
(510, 7, 69, 0),
(511, 8, 69, 0),
(512, 9, 69, 2),
(513, 10, 69, 5),
(514, 11, 69, 3),
(515, 12, 69, 3),
(516, 13, 69, 2),
(517, 14, 69, 0),
(518, 15, 69, 3),
(519, 16, 69, 4),
(520, 17, 69, 0),
(521, 18, 69, 0),
(522, 19, 69, 1),
(523, 20, 69, 1),
(524, 21, 69, 1),
(525, 22, 69, 5),
(526, 23, 69, 4),
(527, 24, 69, 0),
(528, 25, 69, 1),
(529, 26, 69, 4),
(530, 27, 69, 3),
(531, 28, 69, 4),
(532, 29, 69, 2),
(533, 30, 69, 1),
(534, 31, 69, 4),
(535, 32, 69, 1),
(536, 33, 69, 5),
(537, 34, 69, 3),
(538, 35, 69, 5),
(539, 36, 69, 3),
(540, 37, 69, 3),
(541, 38, 69, 3),
(542, 39, 69, 3),
(543, 40, 69, 4),
(544, 41, 69, 1),
(545, 42, 69, 0),
(546, 43, 69, 0),
(547, 44, 69, 1),
(548, 45, 69, 4),
(549, 46, 69, 3),
(550, 47, 69, 3),
(551, 48, 69, 5),
(552, 49, 69, 0),
(553, 50, 69, 0),
(554, 1, 71, 5),
(555, 2, 71, 3),
(556, 3, 71, 1),
(557, 4, 71, 0),
(558, 5, 71, 0),
(559, 6, 71, 5),
(560, 7, 71, 4),
(561, 8, 71, 1),
(562, 9, 71, 4),
(563, 10, 71, 1),
(564, 11, 71, 0),
(565, 12, 71, 2),
(566, 13, 71, 0),
(567, 14, 71, 5),
(568, 15, 71, 0),
(569, 16, 71, 0),
(570, 17, 71, 5),
(571, 18, 71, 0),
(572, 19, 71, 4),
(573, 20, 71, 4),
(574, 21, 71, 3),
(575, 22, 71, 1),
(576, 23, 71, 1),
(577, 24, 71, 2),
(578, 25, 71, 5),
(579, 26, 71, 5),
(580, 27, 71, 4),
(581, 28, 71, 1),
(582, 29, 71, 4),
(583, 30, 71, 4),
(584, 31, 71, 3),
(585, 32, 71, 5),
(586, 33, 71, 3),
(587, 34, 71, 1),
(588, 35, 71, 3),
(589, 36, 71, 3),
(590, 37, 71, 2),
(591, 38, 71, 0),
(592, 39, 71, 2),
(593, 40, 71, 3),
(594, 41, 71, 5),
(595, 42, 71, 0),
(596, 43, 71, 5),
(597, 44, 71, 4),
(598, 45, 71, 2),
(599, 46, 71, 5),
(600, 47, 71, 2),
(601, 48, 71, 2),
(602, 49, 71, 4),
(603, 50, 71, 2),
(604, 1, 74, 2),
(605, 2, 74, 5),
(606, 3, 74, 3),
(607, 4, 74, 5),
(608, 5, 74, 4),
(609, 6, 74, 5),
(610, 7, 74, 2),
(611, 8, 74, 2),
(612, 9, 74, 4),
(613, 10, 74, 5),
(614, 11, 74, 0),
(615, 12, 74, 3),
(616, 13, 74, 3),
(617, 14, 74, 0),
(618, 15, 74, 5),
(619, 16, 74, 5),
(620, 17, 74, 2),
(621, 18, 74, 3),
(622, 19, 74, 1),
(623, 20, 74, 3),
(624, 21, 74, 2),
(625, 22, 74, 4),
(626, 23, 74, 5),
(627, 24, 74, 3),
(628, 25, 74, 5),
(629, 26, 74, 1),
(630, 27, 74, 0),
(631, 28, 74, 2),
(632, 29, 74, 5),
(633, 30, 74, 3),
(634, 31, 74, 2),
(635, 32, 74, 2),
(636, 33, 74, 0),
(637, 34, 74, 2),
(638, 35, 74, 4),
(639, 36, 74, 4),
(640, 37, 74, 2),
(641, 38, 74, 4),
(642, 39, 74, 0),
(643, 40, 74, 2),
(644, 41, 74, 1),
(645, 42, 74, 1),
(646, 43, 74, 5),
(647, 44, 74, 2),
(648, 45, 74, 1),
(649, 46, 74, 1),
(650, 47, 74, 1),
(651, 48, 74, 2),
(652, 49, 74, 1),
(653, 50, 74, 5),
(654, 1, 83, 1),
(655, 2, 83, 1),
(656, 3, 83, 1),
(657, 4, 83, 2),
(658, 5, 83, 1),
(659, 6, 83, 5),
(660, 7, 83, 0),
(661, 8, 83, 3),
(662, 9, 83, 1),
(663, 10, 83, 4),
(664, 11, 83, 0),
(665, 12, 83, 4),
(666, 13, 83, 5),
(667, 14, 83, 1),
(668, 15, 83, 0),
(669, 16, 83, 1),
(670, 17, 83, 0),
(671, 18, 83, 3),
(672, 19, 83, 1),
(673, 20, 83, 0),
(674, 21, 83, 1),
(675, 22, 83, 3),
(676, 23, 83, 4),
(677, 24, 83, 0),
(678, 25, 83, 3),
(679, 26, 83, 1),
(680, 27, 83, 5),
(681, 28, 83, 5),
(682, 29, 83, 4),
(683, 30, 83, 0),
(684, 31, 83, 2),
(685, 32, 83, 0),
(686, 33, 83, 4),
(687, 34, 83, 4),
(688, 35, 83, 1),
(689, 36, 83, 4),
(690, 37, 83, 1),
(691, 38, 83, 3),
(692, 39, 83, 1),
(693, 40, 83, 5),
(694, 41, 83, 2),
(695, 42, 83, 5),
(696, 43, 83, 2),
(697, 44, 83, 0),
(698, 45, 83, 3),
(699, 46, 83, 4),
(700, 47, 83, 2),
(701, 48, 83, 3),
(702, 49, 83, 5),
(703, 50, 83, 0),
(704, 1, 85, 0),
(705, 2, 85, 3),
(706, 3, 85, 1),
(707, 4, 85, 5),
(708, 5, 85, 1),
(709, 6, 85, 0),
(710, 7, 85, 5),
(711, 8, 85, 0),
(712, 9, 85, 3),
(713, 10, 85, 1),
(714, 11, 85, 0),
(715, 12, 85, 2),
(716, 13, 85, 5),
(717, 14, 85, 3),
(718, 15, 85, 5),
(719, 16, 85, 3),
(720, 17, 85, 2),
(721, 18, 85, 0),
(722, 19, 85, 2),
(723, 20, 85, 4),
(724, 21, 85, 1),
(725, 22, 85, 3),
(726, 23, 85, 5),
(727, 24, 85, 3),
(728, 25, 85, 2),
(729, 26, 85, 0),
(730, 27, 85, 1),
(731, 28, 85, 3),
(732, 29, 85, 2),
(733, 30, 85, 3),
(734, 31, 85, 2),
(735, 32, 85, 1),
(736, 33, 85, 0),
(737, 34, 85, 3),
(738, 35, 85, 1),
(739, 36, 85, 0),
(740, 37, 85, 5),
(741, 38, 85, 1),
(742, 39, 85, 4),
(743, 40, 85, 1),
(744, 41, 85, 1),
(745, 42, 85, 0),
(746, 43, 85, 4),
(747, 44, 85, 4),
(748, 45, 85, 5),
(749, 46, 85, 3),
(750, 47, 85, 1),
(751, 48, 85, 4),
(752, 49, 85, 4),
(753, 50, 85, 2),
(754, 1, 88, 5),
(755, 2, 88, 3),
(756, 3, 88, 0),
(757, 4, 88, 2),
(758, 5, 88, 5),
(759, 6, 88, 5),
(760, 7, 88, 5),
(761, 8, 88, 2),
(762, 9, 88, 4),
(763, 10, 88, 0),
(764, 11, 88, 5),
(765, 12, 88, 2),
(766, 13, 88, 4),
(767, 14, 88, 1),
(768, 15, 88, 5),
(769, 16, 88, 3),
(770, 17, 88, 1),
(771, 18, 88, 2),
(772, 19, 88, 0),
(773, 20, 88, 3),
(774, 21, 88, 1),
(775, 22, 88, 0),
(776, 23, 88, 4),
(777, 24, 88, 3),
(778, 25, 88, 1),
(779, 26, 88, 3),
(780, 27, 88, 2),
(781, 28, 88, 4),
(782, 29, 88, 4),
(783, 30, 88, 0),
(784, 31, 88, 4),
(785, 32, 88, 4),
(786, 33, 88, 0),
(787, 34, 88, 1),
(788, 35, 88, 5),
(789, 36, 88, 1),
(790, 37, 88, 2),
(791, 38, 88, 5),
(792, 39, 88, 2),
(793, 40, 88, 4),
(794, 41, 88, 1),
(795, 42, 88, 5),
(796, 43, 88, 0),
(797, 44, 88, 2),
(798, 45, 88, 3),
(799, 46, 88, 2),
(800, 47, 88, 0),
(801, 48, 88, 1),
(802, 49, 88, 2),
(803, 50, 88, 5),
(804, 1, 89, 4),
(805, 2, 89, 3),
(806, 3, 89, 3),
(807, 4, 89, 0),
(808, 5, 89, 5),
(809, 6, 89, 1),
(810, 7, 89, 5),
(811, 8, 89, 5),
(812, 9, 89, 4),
(813, 10, 89, 2),
(814, 11, 89, 0),
(815, 12, 89, 0),
(816, 13, 89, 2),
(817, 14, 89, 2),
(818, 15, 89, 1),
(819, 16, 89, 1),
(820, 17, 89, 4),
(821, 18, 89, 0),
(822, 19, 89, 2),
(823, 20, 89, 1),
(824, 21, 89, 4),
(825, 22, 89, 2),
(826, 23, 89, 4),
(827, 24, 89, 5),
(828, 25, 89, 2),
(829, 26, 89, 5),
(830, 27, 89, 4),
(831, 28, 89, 4),
(832, 29, 89, 0),
(833, 30, 89, 4),
(834, 31, 89, 4),
(835, 32, 89, 4),
(836, 33, 89, 3),
(837, 34, 89, 3),
(838, 35, 89, 3),
(839, 36, 89, 0),
(840, 37, 89, 0),
(841, 38, 89, 0),
(842, 39, 89, 3),
(843, 40, 89, 3),
(844, 41, 89, 1),
(845, 42, 89, 5),
(846, 43, 89, 1),
(847, 44, 89, 2),
(848, 45, 89, 4),
(849, 46, 89, 0),
(850, 47, 89, 0),
(851, 48, 89, 1),
(852, 49, 89, 0),
(853, 50, 89, 0),
(854, 1, 93, 0),
(855, 2, 93, 2),
(856, 3, 93, 3),
(857, 4, 93, 4),
(858, 5, 93, 1),
(859, 6, 93, 3),
(860, 7, 93, 4),
(861, 8, 93, 2),
(862, 9, 93, 5),
(863, 10, 93, 5),
(864, 11, 93, 3),
(865, 12, 93, 0),
(866, 13, 93, 4),
(867, 14, 93, 3),
(868, 15, 93, 1),
(869, 16, 93, 0),
(870, 17, 93, 2),
(871, 18, 93, 5),
(872, 19, 93, 3),
(873, 20, 93, 3),
(874, 21, 93, 1),
(875, 22, 93, 5),
(876, 23, 93, 0),
(877, 24, 93, 0),
(878, 25, 93, 4),
(879, 26, 93, 0),
(880, 27, 93, 5),
(881, 28, 93, 5),
(882, 29, 93, 5),
(883, 30, 93, 2),
(884, 31, 93, 2),
(885, 32, 93, 3),
(886, 33, 93, 4),
(887, 34, 93, 4),
(888, 35, 93, 1),
(889, 36, 93, 5),
(890, 37, 93, 0),
(891, 38, 93, 2),
(892, 39, 93, 3),
(893, 40, 93, 5),
(894, 41, 93, 4),
(895, 42, 93, 1),
(896, 43, 93, 4),
(897, 44, 93, 0),
(898, 45, 93, 3),
(899, 46, 93, 4),
(900, 47, 93, 4),
(901, 48, 93, 4),
(902, 49, 93, 0),
(903, 50, 93, 2),
(904, 1, 61, 0),
(905, 2, 61, 4),
(906, 3, 61, 2),
(907, 4, 61, 1),
(908, 5, 61, 1),
(909, 6, 61, 4),
(910, 7, 61, 1),
(911, 8, 61, 0),
(912, 9, 61, 1),
(913, 10, 61, 4),
(914, 11, 61, 2),
(915, 12, 61, 1),
(916, 13, 61, 5),
(917, 14, 61, 2),
(918, 15, 61, 0),
(919, 16, 61, 0),
(920, 17, 61, 3),
(921, 18, 61, 5),
(922, 19, 61, 1),
(923, 20, 61, 5),
(924, 21, 61, 0),
(925, 22, 61, 1),
(926, 23, 61, 1),
(927, 24, 61, 4),
(928, 25, 61, 2),
(929, 26, 61, 5),
(930, 27, 61, 0),
(931, 28, 61, 2),
(932, 29, 61, 4),
(933, 30, 61, 2),
(934, 31, 61, 0),
(935, 32, 61, 5),
(936, 33, 61, 3),
(937, 34, 61, 3),
(938, 35, 61, 1),
(939, 36, 61, 1),
(940, 37, 61, 0),
(941, 38, 61, 2),
(942, 39, 61, 3),
(943, 40, 61, 1),
(944, 41, 61, 5),
(945, 42, 61, 1),
(946, 43, 61, 2),
(947, 44, 61, 1),
(948, 45, 61, 2),
(949, 46, 61, 3),
(950, 47, 61, 3),
(951, 48, 61, 3),
(952, 49, 61, 2),
(953, 50, 61, 2),
(954, 1, 65, 2),
(955, 2, 65, 0),
(956, 3, 65, 1),
(957, 4, 65, 3),
(958, 5, 65, 2),
(959, 6, 65, 4),
(960, 7, 65, 3),
(961, 8, 65, 0),
(962, 9, 65, 2),
(963, 10, 65, 1),
(964, 11, 65, 1),
(965, 12, 65, 1),
(966, 13, 65, 1),
(967, 14, 65, 0),
(968, 15, 65, 2),
(969, 16, 65, 5),
(970, 17, 65, 4),
(971, 18, 65, 4),
(972, 19, 65, 2),
(973, 20, 65, 2),
(974, 21, 65, 0),
(975, 22, 65, 2),
(976, 23, 65, 0),
(977, 24, 65, 3),
(978, 25, 65, 3),
(979, 26, 65, 2),
(980, 27, 65, 1),
(981, 28, 65, 3),
(982, 29, 65, 2),
(983, 30, 65, 1),
(984, 31, 65, 2),
(985, 32, 65, 4),
(986, 33, 65, 0),
(987, 34, 65, 3),
(988, 35, 65, 0),
(989, 36, 65, 2),
(990, 37, 65, 3),
(991, 38, 65, 3),
(992, 39, 65, 4),
(993, 40, 65, 1),
(994, 41, 65, 2),
(995, 42, 65, 2),
(996, 43, 65, 5),
(997, 44, 65, 4),
(998, 45, 65, 1),
(999, 46, 65, 2),
(1000, 47, 65, 4),
(1001, 48, 65, 5),
(1002, 49, 65, 3),
(1003, 50, 65, 0),
(1004, 1, 77, 5),
(1005, 2, 77, 3),
(1006, 3, 77, 4),
(1007, 4, 77, 5),
(1008, 5, 77, 1),
(1009, 6, 77, 1),
(1010, 7, 77, 3),
(1011, 8, 77, 3),
(1012, 9, 77, 2),
(1013, 10, 77, 0),
(1014, 11, 77, 5),
(1015, 12, 77, 0),
(1016, 13, 77, 5),
(1017, 14, 77, 2),
(1018, 15, 77, 1),
(1019, 16, 77, 0),
(1020, 17, 77, 0),
(1021, 18, 77, 2),
(1022, 19, 77, 4),
(1023, 20, 77, 2),
(1024, 21, 77, 1),
(1025, 22, 77, 1),
(1026, 23, 77, 0),
(1027, 24, 77, 0),
(1028, 25, 77, 5),
(1029, 26, 77, 4),
(1030, 27, 77, 2),
(1031, 28, 77, 5),
(1032, 29, 77, 3),
(1033, 30, 77, 1),
(1034, 31, 77, 1),
(1035, 32, 77, 3),
(1036, 33, 77, 2),
(1037, 34, 77, 2),
(1038, 35, 77, 3),
(1039, 36, 77, 5),
(1040, 37, 77, 1),
(1041, 38, 77, 2),
(1042, 39, 77, 5),
(1043, 40, 77, 1),
(1044, 41, 77, 3),
(1045, 42, 77, 4),
(1046, 43, 77, 1),
(1047, 44, 77, 0),
(1048, 45, 77, 2),
(1049, 46, 77, 2),
(1050, 47, 77, 4),
(1051, 48, 77, 5),
(1052, 49, 77, 5),
(1053, 50, 77, 4),
(1054, 1, 78, 5),
(1055, 2, 78, 2),
(1056, 3, 78, 3),
(1057, 4, 78, 4),
(1058, 5, 78, 0),
(1059, 6, 78, 4),
(1060, 7, 78, 1),
(1061, 8, 78, 0),
(1062, 9, 78, 2),
(1063, 10, 78, 2),
(1064, 11, 78, 1),
(1065, 12, 78, 1),
(1066, 13, 78, 3),
(1067, 14, 78, 2),
(1068, 15, 78, 1),
(1069, 16, 78, 3),
(1070, 17, 78, 2),
(1071, 18, 78, 0),
(1072, 19, 78, 3),
(1073, 20, 78, 1),
(1074, 21, 78, 1),
(1075, 22, 78, 5),
(1076, 23, 78, 5),
(1077, 24, 78, 4),
(1078, 25, 78, 0),
(1079, 26, 78, 0),
(1080, 27, 78, 3),
(1081, 28, 78, 0),
(1082, 29, 78, 3),
(1083, 30, 78, 5),
(1084, 31, 78, 2),
(1085, 32, 78, 1),
(1086, 33, 78, 1),
(1087, 34, 78, 3),
(1088, 35, 78, 4),
(1089, 36, 78, 3),
(1090, 37, 78, 4),
(1091, 38, 78, 3),
(1092, 39, 78, 5),
(1093, 40, 78, 2),
(1094, 41, 78, 1),
(1095, 42, 78, 4),
(1096, 43, 78, 2),
(1097, 44, 78, 2),
(1098, 45, 78, 3),
(1099, 46, 78, 2),
(1100, 47, 78, 2),
(1101, 48, 78, 3),
(1102, 49, 78, 5),
(1103, 50, 78, 2),
(1104, 1, 56, 5),
(1105, 2, 56, 4),
(1106, 3, 56, 3),
(1107, 4, 56, 4),
(1108, 5, 56, 4),
(1109, 6, 56, 2),
(1110, 7, 56, 4),
(1111, 8, 56, 2),
(1112, 9, 56, 3),
(1113, 10, 56, 4),
(1114, 11, 56, 2),
(1115, 12, 56, 5),
(1116, 13, 56, 4),
(1117, 14, 56, 5),
(1118, 15, 56, 1),
(1119, 16, 56, 4),
(1120, 17, 56, 4),
(1121, 18, 56, 0),
(1122, 19, 56, 2),
(1123, 20, 56, 4),
(1124, 21, 56, 2),
(1125, 22, 56, 0),
(1126, 23, 56, 5),
(1127, 24, 56, 3),
(1128, 25, 56, 0),
(1129, 26, 56, 0),
(1130, 27, 56, 4),
(1131, 28, 56, 1),
(1132, 29, 56, 4),
(1133, 30, 56, 0),
(1134, 31, 56, 4),
(1135, 32, 56, 3),
(1136, 33, 56, 2),
(1137, 34, 56, 2),
(1138, 35, 56, 1),
(1139, 36, 56, 5),
(1140, 37, 56, 3),
(1141, 38, 56, 0),
(1142, 39, 56, 4),
(1143, 40, 56, 4),
(1144, 41, 56, 2),
(1145, 42, 56, 4),
(1146, 43, 56, 1),
(1147, 44, 56, 3),
(1148, 45, 56, 0),
(1149, 46, 56, 4),
(1150, 47, 56, 0),
(1151, 48, 56, 0),
(1152, 49, 56, 5),
(1153, 50, 56, 4),
(1154, 1, 59, 1),
(1155, 2, 59, 3),
(1156, 3, 59, 2),
(1157, 4, 59, 5),
(1158, 5, 59, 4),
(1159, 6, 59, 2),
(1160, 7, 59, 5),
(1161, 8, 59, 4),
(1162, 9, 59, 4),
(1163, 10, 59, 4),
(1164, 11, 59, 5),
(1165, 12, 59, 3),
(1166, 13, 59, 5),
(1167, 14, 59, 2),
(1168, 15, 59, 1),
(1169, 16, 59, 3),
(1170, 17, 59, 4),
(1171, 18, 59, 3),
(1172, 19, 59, 4),
(1173, 20, 59, 5),
(1174, 21, 59, 0),
(1175, 22, 59, 1),
(1176, 23, 59, 2),
(1177, 24, 59, 4),
(1178, 25, 59, 5),
(1179, 26, 59, 3),
(1180, 27, 59, 0),
(1181, 28, 59, 1),
(1182, 29, 59, 3),
(1183, 30, 59, 4),
(1184, 31, 59, 1),
(1185, 32, 59, 1),
(1186, 33, 59, 4),
(1187, 34, 59, 4),
(1188, 35, 59, 3),
(1189, 36, 59, 4),
(1190, 37, 59, 4),
(1191, 38, 59, 1),
(1192, 39, 59, 4),
(1193, 40, 59, 2),
(1194, 41, 59, 1),
(1195, 42, 59, 1),
(1196, 43, 59, 5),
(1197, 44, 59, 3),
(1198, 45, 59, 0),
(1199, 46, 59, 3),
(1200, 47, 59, 5),
(1201, 48, 59, 1),
(1202, 49, 59, 2),
(1203, 50, 59, 0),
(1204, 1, 63, 4),
(1205, 2, 63, 5),
(1206, 3, 63, 5),
(1207, 4, 63, 3),
(1208, 5, 63, 5),
(1209, 6, 63, 4),
(1210, 7, 63, 4),
(1211, 8, 63, 3),
(1212, 9, 63, 1),
(1213, 10, 63, 0),
(1214, 11, 63, 2),
(1215, 12, 63, 2),
(1216, 13, 63, 2),
(1217, 14, 63, 3),
(1218, 15, 63, 1),
(1219, 16, 63, 2),
(1220, 17, 63, 4),
(1221, 18, 63, 3),
(1222, 19, 63, 5),
(1223, 20, 63, 4),
(1224, 21, 63, 3),
(1225, 22, 63, 5),
(1226, 23, 63, 5),
(1227, 24, 63, 0),
(1228, 25, 63, 5),
(1229, 26, 63, 4),
(1230, 27, 63, 0),
(1231, 28, 63, 3),
(1232, 29, 63, 5),
(1233, 30, 63, 5),
(1234, 31, 63, 5),
(1235, 32, 63, 0),
(1236, 33, 63, 0),
(1237, 34, 63, 2),
(1238, 35, 63, 3),
(1239, 36, 63, 5),
(1240, 37, 63, 0),
(1241, 38, 63, 0),
(1242, 39, 63, 2),
(1243, 40, 63, 2),
(1244, 41, 63, 1),
(1245, 42, 63, 2),
(1246, 43, 63, 0),
(1247, 44, 63, 0),
(1248, 45, 63, 4),
(1249, 46, 63, 2),
(1250, 47, 63, 0),
(1251, 48, 63, 3),
(1252, 49, 63, 4),
(1253, 50, 63, 3),
(1254, 1, 68, 2),
(1255, 2, 68, 5),
(1256, 3, 68, 2),
(1257, 4, 68, 4),
(1258, 5, 68, 4),
(1259, 6, 68, 0),
(1260, 7, 68, 1),
(1261, 8, 68, 2),
(1262, 9, 68, 5),
(1263, 10, 68, 1),
(1264, 11, 68, 0),
(1265, 12, 68, 3),
(1266, 13, 68, 5),
(1267, 14, 68, 2),
(1268, 15, 68, 3),
(1269, 16, 68, 2),
(1270, 17, 68, 1),
(1271, 18, 68, 3),
(1272, 19, 68, 0),
(1273, 20, 68, 1),
(1274, 21, 68, 3),
(1275, 22, 68, 0),
(1276, 23, 68, 1),
(1277, 24, 68, 4),
(1278, 25, 68, 0),
(1279, 26, 68, 5),
(1280, 27, 68, 3),
(1281, 28, 68, 1),
(1282, 29, 68, 1),
(1283, 30, 68, 4),
(1284, 31, 68, 3),
(1285, 32, 68, 4),
(1286, 33, 68, 4),
(1287, 34, 68, 3),
(1288, 35, 68, 2),
(1289, 36, 68, 3),
(1290, 37, 68, 4),
(1291, 38, 68, 4),
(1292, 39, 68, 4),
(1293, 40, 68, 1),
(1294, 41, 68, 0),
(1295, 42, 68, 2),
(1296, 43, 68, 0),
(1297, 44, 68, 5),
(1298, 45, 68, 5),
(1299, 46, 68, 0),
(1300, 47, 68, 3),
(1301, 48, 68, 5),
(1302, 49, 68, 2),
(1303, 50, 68, 1),
(1304, 1, 75, 5),
(1305, 2, 75, 2),
(1306, 3, 75, 3),
(1307, 4, 75, 5),
(1308, 5, 75, 3),
(1309, 6, 75, 4),
(1310, 7, 75, 4),
(1311, 8, 75, 3),
(1312, 9, 75, 1),
(1313, 10, 75, 0),
(1314, 11, 75, 0),
(1315, 12, 75, 3),
(1316, 13, 75, 3),
(1317, 14, 75, 2),
(1318, 15, 75, 3),
(1319, 16, 75, 4),
(1320, 17, 75, 0),
(1321, 18, 75, 0),
(1322, 19, 75, 3),
(1323, 20, 75, 4),
(1324, 21, 75, 5),
(1325, 22, 75, 4),
(1326, 23, 75, 1),
(1327, 24, 75, 0),
(1328, 25, 75, 0),
(1329, 26, 75, 2),
(1330, 27, 75, 1),
(1331, 28, 75, 2),
(1332, 29, 75, 1),
(1333, 30, 75, 3),
(1334, 31, 75, 4),
(1335, 32, 75, 5),
(1336, 33, 75, 5),
(1337, 34, 75, 3),
(1338, 35, 75, 3),
(1339, 36, 75, 4),
(1340, 37, 75, 3),
(1341, 38, 75, 1),
(1342, 39, 75, 1),
(1343, 40, 75, 1),
(1344, 41, 75, 0),
(1345, 42, 75, 1),
(1346, 43, 75, 4),
(1347, 44, 75, 0),
(1348, 45, 75, 2),
(1349, 46, 75, 4),
(1350, 47, 75, 0),
(1351, 48, 75, 3),
(1352, 49, 75, 0),
(1353, 50, 75, 0),
(1354, 1, 79, 0),
(1355, 2, 79, 4),
(1356, 3, 79, 1),
(1357, 4, 79, 0),
(1358, 5, 79, 5),
(1359, 6, 79, 0),
(1360, 7, 79, 4),
(1361, 8, 79, 3),
(1362, 9, 79, 0),
(1363, 10, 79, 0),
(1364, 11, 79, 5),
(1365, 12, 79, 5),
(1366, 13, 79, 0),
(1367, 14, 79, 5),
(1368, 15, 79, 2),
(1369, 16, 79, 5),
(1370, 17, 79, 1),
(1371, 18, 79, 2),
(1372, 19, 79, 0),
(1373, 20, 79, 4),
(1374, 21, 79, 1),
(1375, 22, 79, 0),
(1376, 23, 79, 5),
(1377, 24, 79, 4),
(1378, 25, 79, 1),
(1379, 26, 79, 0),
(1380, 27, 79, 0),
(1381, 28, 79, 4),
(1382, 29, 79, 0),
(1383, 30, 79, 4),
(1384, 31, 79, 2),
(1385, 32, 79, 0),
(1386, 33, 79, 4),
(1387, 34, 79, 5),
(1388, 35, 79, 2),
(1389, 36, 79, 1),
(1390, 37, 79, 5),
(1391, 38, 79, 0),
(1392, 39, 79, 5),
(1393, 40, 79, 2),
(1394, 41, 79, 0),
(1395, 42, 79, 5),
(1396, 43, 79, 0),
(1397, 44, 79, 1),
(1398, 45, 79, 3),
(1399, 46, 79, 3),
(1400, 47, 79, 5),
(1401, 48, 79, 4),
(1402, 49, 79, 0),
(1403, 50, 79, 4),
(1404, 1, 80, 1),
(1405, 2, 80, 4),
(1406, 3, 80, 0),
(1407, 4, 80, 3),
(1408, 5, 80, 0),
(1409, 6, 80, 1),
(1410, 7, 80, 0),
(1411, 8, 80, 4),
(1412, 9, 80, 0),
(1413, 10, 80, 3),
(1414, 11, 80, 5),
(1415, 12, 80, 1),
(1416, 13, 80, 3),
(1417, 14, 80, 5),
(1418, 15, 80, 4),
(1419, 16, 80, 1),
(1420, 17, 80, 4),
(1421, 18, 80, 5),
(1422, 19, 80, 4),
(1423, 20, 80, 2),
(1424, 21, 80, 0),
(1425, 22, 80, 5),
(1426, 23, 80, 1),
(1427, 24, 80, 2),
(1428, 25, 80, 1),
(1429, 26, 80, 1),
(1430, 27, 80, 5),
(1431, 28, 80, 1),
(1432, 29, 80, 2),
(1433, 30, 80, 4),
(1434, 31, 80, 2),
(1435, 32, 80, 2),
(1436, 33, 80, 4),
(1437, 34, 80, 5),
(1438, 35, 80, 4),
(1439, 36, 80, 0),
(1440, 37, 80, 5),
(1441, 38, 80, 0),
(1442, 39, 80, 1),
(1443, 40, 80, 4),
(1444, 41, 80, 5),
(1445, 42, 80, 4),
(1446, 43, 80, 5),
(1447, 44, 80, 5),
(1448, 45, 80, 1),
(1449, 46, 80, 3),
(1450, 47, 80, 1),
(1451, 48, 80, 3),
(1452, 49, 80, 5),
(1453, 50, 80, 2),
(1454, 1, 91, 5),
(1455, 2, 91, 0),
(1456, 3, 91, 0),
(1457, 4, 91, 1),
(1458, 5, 91, 3),
(1459, 6, 91, 0),
(1460, 7, 91, 4),
(1461, 8, 91, 5),
(1462, 9, 91, 1),
(1463, 10, 91, 0),
(1464, 11, 91, 3),
(1465, 12, 91, 0),
(1466, 13, 91, 4),
(1467, 14, 91, 4),
(1468, 15, 91, 3),
(1469, 16, 91, 3),
(1470, 17, 91, 0),
(1471, 18, 91, 2),
(1472, 19, 91, 5),
(1473, 20, 91, 5),
(1474, 21, 91, 5),
(1475, 22, 91, 1),
(1476, 23, 91, 2),
(1477, 24, 91, 0),
(1478, 25, 91, 3),
(1479, 26, 91, 2),
(1480, 27, 91, 1),
(1481, 28, 91, 0),
(1482, 29, 91, 3),
(1483, 30, 91, 1),
(1484, 31, 91, 4),
(1485, 32, 91, 1),
(1486, 33, 91, 0),
(1487, 34, 91, 5),
(1488, 35, 91, 5),
(1489, 36, 91, 0),
(1490, 37, 91, 0),
(1491, 38, 91, 5),
(1492, 39, 91, 4),
(1493, 40, 91, 5),
(1494, 41, 91, 1),
(1495, 42, 91, 1),
(1496, 43, 91, 4),
(1497, 44, 91, 5),
(1498, 45, 91, 5),
(1499, 46, 91, 4),
(1500, 47, 91, 1),
(1501, 48, 91, 2),
(1502, 49, 91, 2),
(1503, 50, 91, 5),
(1504, 1, 92, 2),
(1505, 2, 92, 4),
(1506, 3, 92, 1),
(1507, 4, 92, 0),
(1508, 5, 92, 2),
(1509, 6, 92, 0),
(1510, 7, 92, 0),
(1511, 8, 92, 4),
(1512, 9, 92, 4),
(1513, 10, 92, 1),
(1514, 11, 92, 4),
(1515, 12, 92, 2),
(1516, 13, 92, 3),
(1517, 14, 92, 3),
(1518, 15, 92, 3),
(1519, 16, 92, 3),
(1520, 17, 92, 4),
(1521, 18, 92, 2),
(1522, 19, 92, 0),
(1523, 20, 92, 3),
(1524, 21, 92, 0),
(1525, 22, 92, 0),
(1526, 23, 92, 3),
(1527, 24, 92, 1),
(1528, 25, 92, 0),
(1529, 26, 92, 0),
(1530, 27, 92, 3),
(1531, 28, 92, 0),
(1532, 29, 92, 3),
(1533, 30, 92, 5),
(1534, 31, 92, 1),
(1535, 32, 92, 5),
(1536, 33, 92, 1),
(1537, 34, 92, 5),
(1538, 35, 92, 4),
(1539, 36, 92, 4),
(1540, 37, 92, 3),
(1541, 38, 92, 2),
(1542, 39, 92, 3),
(1543, 40, 92, 1),
(1544, 41, 92, 5),
(1545, 42, 92, 4),
(1546, 43, 92, 4),
(1547, 44, 92, 2),
(1548, 45, 92, 2),
(1549, 46, 92, 0),
(1550, 47, 92, 0),
(1551, 48, 92, 3),
(1552, 49, 92, 1),
(1553, 50, 92, 0),
(1554, 1, 96, 3),
(1555, 2, 96, 3),
(1556, 3, 96, 0),
(1557, 4, 96, 0),
(1558, 5, 96, 2),
(1559, 6, 96, 0),
(1560, 7, 96, 4),
(1561, 8, 96, 2),
(1562, 9, 96, 0),
(1563, 10, 96, 1),
(1564, 11, 96, 1),
(1565, 12, 96, 3),
(1566, 13, 96, 1),
(1567, 14, 96, 1),
(1568, 15, 96, 3),
(1569, 16, 96, 1),
(1570, 17, 96, 1),
(1571, 18, 96, 2),
(1572, 19, 96, 5),
(1573, 20, 96, 5),
(1574, 21, 96, 4),
(1575, 22, 96, 0),
(1576, 23, 96, 2),
(1577, 24, 96, 1),
(1578, 25, 96, 5),
(1579, 26, 96, 2),
(1580, 27, 96, 5),
(1581, 28, 96, 5),
(1582, 29, 96, 4),
(1583, 30, 96, 4),
(1584, 31, 96, 1),
(1585, 32, 96, 0),
(1586, 33, 96, 0),
(1587, 34, 96, 4),
(1588, 35, 96, 4),
(1589, 36, 96, 0),
(1590, 37, 96, 5),
(1591, 38, 96, 5),
(1592, 39, 96, 3),
(1593, 40, 96, 3),
(1594, 41, 96, 0),
(1595, 42, 96, 5),
(1596, 43, 96, 4),
(1597, 44, 96, 5),
(1598, 45, 96, 3),
(1599, 46, 96, 0),
(1600, 47, 96, 4),
(1601, 48, 96, 0),
(1602, 49, 96, 3),
(1603, 50, 96, 1),
(1604, 1, 98, 5),
(1605, 2, 98, 4),
(1606, 3, 98, 1),
(1607, 4, 98, 1),
(1608, 5, 98, 3),
(1609, 6, 98, 3),
(1610, 7, 98, 3),
(1611, 8, 98, 1),
(1612, 9, 98, 2),
(1613, 10, 98, 1),
(1614, 11, 98, 2),
(1615, 12, 98, 0),
(1616, 13, 98, 4),
(1617, 14, 98, 2),
(1618, 15, 98, 5),
(1619, 16, 98, 1),
(1620, 17, 98, 1),
(1621, 18, 98, 0),
(1622, 19, 98, 5),
(1623, 20, 98, 5),
(1624, 21, 98, 4),
(1625, 22, 98, 1),
(1626, 23, 98, 4),
(1627, 24, 98, 4),
(1628, 25, 98, 2),
(1629, 26, 98, 0),
(1630, 27, 98, 0),
(1631, 28, 98, 0),
(1632, 29, 98, 3),
(1633, 30, 98, 5),
(1634, 31, 98, 5),
(1635, 32, 98, 4),
(1636, 33, 98, 3),
(1637, 34, 98, 5),
(1638, 35, 98, 3),
(1639, 36, 98, 1),
(1640, 37, 98, 4),
(1641, 38, 98, 3),
(1642, 39, 98, 4),
(1643, 40, 98, 4),
(1644, 41, 98, 1),
(1645, 42, 98, 3),
(1646, 43, 98, 4),
(1647, 44, 98, 3),
(1648, 45, 98, 0),
(1649, 46, 98, 2),
(1650, 47, 98, 0),
(1651, 48, 98, 1),
(1652, 49, 98, 0),
(1653, 50, 98, 5),
(1654, 1, 102, 2),
(1655, 2, 102, 1),
(1656, 3, 102, 4),
(1657, 4, 102, 3),
(1658, 5, 102, 5),
(1659, 6, 102, 5),
(1660, 7, 102, 5),
(1661, 8, 102, 1),
(1662, 9, 102, 3),
(1663, 10, 102, 1),
(1664, 11, 102, 2),
(1665, 12, 102, 1),
(1666, 13, 102, 0),
(1667, 14, 102, 5),
(1668, 15, 102, 3),
(1669, 16, 102, 0),
(1670, 17, 102, 5),
(1671, 18, 102, 4),
(1672, 19, 102, 0),
(1673, 20, 102, 2),
(1674, 21, 102, 0),
(1675, 22, 102, 0),
(1676, 23, 102, 3),
(1677, 24, 102, 2),
(1678, 25, 102, 4),
(1679, 26, 102, 0),
(1680, 27, 102, 4),
(1681, 28, 102, 4),
(1682, 29, 102, 4),
(1683, 30, 102, 2),
(1684, 31, 102, 4),
(1685, 32, 102, 3),
(1686, 33, 102, 2),
(1687, 34, 102, 2),
(1688, 35, 102, 4),
(1689, 36, 102, 2),
(1690, 37, 102, 3),
(1691, 38, 102, 4),
(1692, 39, 102, 2),
(1693, 40, 102, 1),
(1694, 41, 102, 2),
(1695, 42, 102, 1),
(1696, 43, 102, 4),
(1697, 44, 102, 3),
(1698, 45, 102, 0),
(1699, 46, 102, 5),
(1700, 47, 102, 3),
(1701, 48, 102, 3),
(1702, 49, 102, 4),
(1703, 50, 102, 5),
(1704, 1, 105, 5),
(1705, 2, 105, 1),
(1706, 3, 105, 0),
(1707, 4, 105, 4),
(1708, 5, 105, 5),
(1709, 6, 105, 3),
(1710, 7, 105, 1),
(1711, 8, 105, 0),
(1712, 9, 105, 5),
(1713, 10, 105, 4),
(1714, 11, 105, 0),
(1715, 12, 105, 4),
(1716, 13, 105, 4),
(1717, 14, 105, 2),
(1718, 15, 105, 3),
(1719, 16, 105, 0),
(1720, 17, 105, 4),
(1721, 18, 105, 1),
(1722, 19, 105, 3),
(1723, 20, 105, 1),
(1724, 21, 105, 4),
(1725, 22, 105, 5),
(1726, 23, 105, 1),
(1727, 24, 105, 2),
(1728, 25, 105, 3),
(1729, 26, 105, 3),
(1730, 27, 105, 4),
(1731, 28, 105, 2),
(1732, 29, 105, 0),
(1733, 30, 105, 5),
(1734, 31, 105, 1),
(1735, 32, 105, 1),
(1736, 33, 105, 0),
(1737, 34, 105, 3),
(1738, 35, 105, 2),
(1739, 36, 105, 4),
(1740, 37, 105, 1),
(1741, 38, 105, 2),
(1742, 39, 105, 2),
(1743, 40, 105, 2),
(1744, 41, 105, 1),
(1745, 42, 105, 1),
(1746, 43, 105, 2),
(1747, 44, 105, 0),
(1748, 45, 105, 1),
(1749, 46, 105, 0),
(1750, 47, 105, 0),
(1751, 48, 105, 4),
(1752, 49, 105, 5),
(1753, 50, 105, 1),
(1754, 1, 57, 2),
(1755, 2, 57, 1),
(1756, 3, 57, 5),
(1757, 4, 57, 2),
(1758, 5, 57, 1),
(1759, 6, 57, 0),
(1760, 7, 57, 0),
(1761, 8, 57, 2),
(1762, 9, 57, 5),
(1763, 10, 57, 1),
(1764, 11, 57, 4),
(1765, 12, 57, 4),
(1766, 13, 57, 2),
(1767, 14, 57, 5),
(1768, 15, 57, 2),
(1769, 16, 57, 3),
(1770, 17, 57, 4),
(1771, 18, 57, 2),
(1772, 19, 57, 4),
(1773, 20, 57, 0),
(1774, 21, 57, 1),
(1775, 22, 57, 5),
(1776, 23, 57, 3),
(1777, 24, 57, 5),
(1778, 25, 57, 0),
(1779, 26, 57, 0),
(1780, 27, 57, 1),
(1781, 28, 57, 4),
(1782, 29, 57, 0),
(1783, 30, 57, 5),
(1784, 31, 57, 3),
(1785, 32, 57, 5),
(1786, 33, 57, 5),
(1787, 34, 57, 2),
(1788, 35, 57, 3),
(1789, 36, 57, 1),
(1790, 37, 57, 3),
(1791, 38, 57, 4),
(1792, 39, 57, 4),
(1793, 40, 57, 1),
(1794, 41, 57, 3),
(1795, 42, 57, 4),
(1796, 43, 57, 1),
(1797, 44, 57, 3),
(1798, 45, 57, 4),
(1799, 46, 57, 3),
(1800, 47, 57, 5),
(1801, 48, 57, 1),
(1802, 49, 57, 5),
(1803, 50, 57, 2),
(1804, 1, 84, 4),
(1805, 2, 84, 5),
(1806, 3, 84, 4),
(1807, 4, 84, 4),
(1808, 5, 84, 0),
(1809, 6, 84, 2),
(1810, 7, 84, 5),
(1811, 8, 84, 1),
(1812, 9, 84, 4),
(1813, 10, 84, 0),
(1814, 11, 84, 5),
(1815, 12, 84, 2),
(1816, 13, 84, 2),
(1817, 14, 84, 4),
(1818, 15, 84, 4),
(1819, 16, 84, 4),
(1820, 17, 84, 2),
(1821, 18, 84, 5),
(1822, 19, 84, 3),
(1823, 20, 84, 2),
(1824, 21, 84, 3),
(1825, 22, 84, 0),
(1826, 23, 84, 0),
(1827, 24, 84, 2),
(1828, 25, 84, 3),
(1829, 26, 84, 0),
(1830, 27, 84, 4),
(1831, 28, 84, 4),
(1832, 29, 84, 0),
(1833, 30, 84, 2),
(1834, 31, 84, 3),
(1835, 32, 84, 5),
(1836, 33, 84, 4),
(1837, 34, 84, 4),
(1838, 35, 84, 5),
(1839, 36, 84, 1),
(1840, 37, 84, 1),
(1841, 38, 84, 5),
(1842, 39, 84, 1),
(1843, 40, 84, 3),
(1844, 41, 84, 3),
(1845, 42, 84, 0),
(1846, 43, 84, 3),
(1847, 44, 84, 1),
(1848, 45, 84, 2),
(1849, 46, 84, 0),
(1850, 47, 84, 5),
(1851, 48, 84, 5),
(1852, 49, 84, 3),
(1853, 50, 84, 5),
(1854, 1, 86, 3),
(1855, 2, 86, 1),
(1856, 3, 86, 3),
(1857, 4, 86, 5),
(1858, 5, 86, 3),
(1859, 6, 86, 0),
(1860, 7, 86, 3),
(1861, 8, 86, 3),
(1862, 9, 86, 0),
(1863, 10, 86, 5),
(1864, 11, 86, 0),
(1865, 12, 86, 5),
(1866, 13, 86, 4),
(1867, 14, 86, 3),
(1868, 15, 86, 1),
(1869, 16, 86, 3),
(1870, 17, 86, 1),
(1871, 18, 86, 4),
(1872, 19, 86, 2),
(1873, 20, 86, 3),
(1874, 21, 86, 3),
(1875, 22, 86, 0),
(1876, 23, 86, 2),
(1877, 24, 86, 3),
(1878, 25, 86, 0),
(1879, 26, 86, 0),
(1880, 27, 86, 1),
(1881, 28, 86, 5),
(1882, 29, 86, 0),
(1883, 30, 86, 0),
(1884, 31, 86, 4),
(1885, 32, 86, 0),
(1886, 33, 86, 4),
(1887, 34, 86, 4),
(1888, 35, 86, 3),
(1889, 36, 86, 4),
(1890, 37, 86, 4),
(1891, 38, 86, 4),
(1892, 39, 86, 0),
(1893, 40, 86, 4),
(1894, 41, 86, 1),
(1895, 42, 86, 3),
(1896, 43, 86, 1),
(1897, 44, 86, 1),
(1898, 45, 86, 5),
(1899, 46, 86, 0),
(1900, 47, 86, 3),
(1901, 48, 86, 2),
(1902, 49, 86, 4),
(1903, 50, 86, 1),
(1904, 1, 103, 4),
(1905, 2, 103, 0),
(1906, 3, 103, 4),
(1907, 4, 103, 2),
(1908, 5, 103, 5),
(1909, 6, 103, 2),
(1910, 7, 103, 3),
(1911, 8, 103, 0),
(1912, 9, 103, 4),
(1913, 10, 103, 3),
(1914, 11, 103, 2),
(1915, 12, 103, 3),
(1916, 13, 103, 2),
(1917, 14, 103, 1),
(1918, 15, 103, 3),
(1919, 16, 103, 5),
(1920, 17, 103, 3),
(1921, 18, 103, 0),
(1922, 19, 103, 3),
(1923, 20, 103, 0),
(1924, 21, 103, 2),
(1925, 22, 103, 0),
(1926, 23, 103, 1),
(1927, 24, 103, 2),
(1928, 25, 103, 5),
(1929, 26, 103, 3),
(1930, 27, 103, 3),
(1931, 28, 103, 4),
(1932, 29, 103, 2),
(1933, 30, 103, 3),
(1934, 31, 103, 2),
(1935, 32, 103, 2),
(1936, 33, 103, 1),
(1937, 34, 103, 1),
(1938, 35, 103, 1),
(1939, 36, 103, 4),
(1940, 37, 103, 3),
(1941, 38, 103, 5),
(1942, 39, 103, 0),
(1943, 40, 103, 4),
(1944, 41, 103, 3),
(1945, 42, 103, 4),
(1946, 43, 103, 4),
(1947, 44, 103, 1),
(1948, 45, 103, 1),
(1949, 46, 103, 2),
(1950, 47, 103, 4),
(1951, 48, 103, 0),
(1952, 49, 103, 3),
(1953, 50, 103, 2),
(1954, 1, 104, 3),
(1955, 2, 104, 1),
(1956, 3, 104, 4),
(1957, 4, 104, 5),
(1958, 5, 104, 3),
(1959, 6, 104, 1),
(1960, 7, 104, 3),
(1961, 8, 104, 5),
(1962, 9, 104, 1),
(1963, 10, 104, 2),
(1964, 11, 104, 0),
(1965, 12, 104, 2),
(1966, 13, 104, 4),
(1967, 14, 104, 0),
(1968, 15, 104, 2),
(1969, 16, 104, 5),
(1970, 17, 104, 5),
(1971, 18, 104, 1),
(1972, 19, 104, 4),
(1973, 20, 104, 5),
(1974, 21, 104, 4),
(1975, 22, 104, 0),
(1976, 23, 104, 5),
(1977, 24, 104, 3),
(1978, 25, 104, 4),
(1979, 26, 104, 4),
(1980, 27, 104, 2),
(1981, 28, 104, 2),
(1982, 29, 104, 0),
(1983, 30, 104, 0),
(1984, 31, 104, 1),
(1985, 32, 104, 2),
(1986, 33, 104, 4),
(1987, 34, 104, 5),
(1988, 35, 104, 1),
(1989, 36, 104, 0),
(1990, 37, 104, 1),
(1991, 38, 104, 0),
(1992, 39, 104, 1),
(1993, 40, 104, 4),
(1994, 41, 104, 5),
(1995, 42, 104, 2),
(1996, 43, 104, 3),
(1997, 44, 104, 1),
(1998, 45, 104, 5),
(1999, 46, 104, 0),
(2000, 47, 104, 3),
(2001, 48, 104, 4),
(2002, 49, 104, 4),
(2003, 50, 104, 5),
(2004, 1, 58, 3),
(2005, 2, 58, 4),
(2006, 3, 58, 2),
(2007, 4, 58, 3),
(2008, 5, 58, 5),
(2009, 6, 58, 2),
(2010, 7, 58, 5),
(2011, 8, 58, 0),
(2012, 9, 58, 4),
(2013, 10, 58, 4),
(2014, 11, 58, 2),
(2015, 12, 58, 5),
(2016, 13, 58, 2),
(2017, 14, 58, 2),
(2018, 15, 58, 4),
(2019, 16, 58, 4),
(2020, 17, 58, 0),
(2021, 18, 58, 4),
(2022, 19, 58, 2),
(2023, 20, 58, 2),
(2024, 21, 58, 1),
(2025, 22, 58, 5),
(2026, 23, 58, 2),
(2027, 24, 58, 3),
(2028, 25, 58, 0),
(2029, 26, 58, 3),
(2030, 27, 58, 2),
(2031, 28, 58, 3),
(2032, 29, 58, 2),
(2033, 30, 58, 5),
(2034, 31, 58, 1),
(2035, 32, 58, 4),
(2036, 33, 58, 0),
(2037, 34, 58, 0),
(2038, 35, 58, 4),
(2039, 36, 58, 5),
(2040, 37, 58, 2),
(2041, 38, 58, 3),
(2042, 39, 58, 0),
(2043, 40, 58, 3),
(2044, 41, 58, 5),
(2045, 42, 58, 2),
(2046, 43, 58, 5),
(2047, 44, 58, 5),
(2048, 45, 58, 0),
(2049, 46, 58, 2),
(2050, 47, 58, 5),
(2051, 48, 58, 2),
(2052, 49, 58, 0),
(2053, 50, 58, 4),
(2054, 1, 60, 5),
(2055, 2, 60, 2),
(2056, 3, 60, 3),
(2057, 4, 60, 4),
(2058, 5, 60, 3),
(2059, 6, 60, 0),
(2060, 7, 60, 5),
(2061, 8, 60, 3),
(2062, 9, 60, 3),
(2063, 10, 60, 1),
(2064, 11, 60, 0),
(2065, 12, 60, 5),
(2066, 13, 60, 2),
(2067, 14, 60, 5),
(2068, 15, 60, 5),
(2069, 16, 60, 5),
(2070, 17, 60, 4),
(2071, 18, 60, 1),
(2072, 19, 60, 3),
(2073, 20, 60, 0),
(2074, 21, 60, 0),
(2075, 22, 60, 4),
(2076, 23, 60, 3),
(2077, 24, 60, 1),
(2078, 25, 60, 2),
(2079, 26, 60, 1),
(2080, 27, 60, 4),
(2081, 28, 60, 5),
(2082, 29, 60, 4),
(2083, 30, 60, 2),
(2084, 31, 60, 0),
(2085, 32, 60, 0),
(2086, 33, 60, 1),
(2087, 34, 60, 1),
(2088, 35, 60, 1),
(2089, 36, 60, 1),
(2090, 37, 60, 1),
(2091, 38, 60, 3),
(2092, 39, 60, 5),
(2093, 40, 60, 2),
(2094, 41, 60, 4),
(2095, 42, 60, 0),
(2096, 43, 60, 4),
(2097, 44, 60, 4),
(2098, 45, 60, 2),
(2099, 46, 60, 2),
(2100, 47, 60, 4),
(2101, 48, 60, 0),
(2102, 49, 60, 5),
(2103, 50, 60, 3),
(2104, 1, 66, 1),
(2105, 2, 66, 1),
(2106, 3, 66, 3),
(2107, 4, 66, 5),
(2108, 5, 66, 3),
(2109, 6, 66, 1),
(2110, 7, 66, 2),
(2111, 8, 66, 4),
(2112, 9, 66, 5),
(2113, 10, 66, 4),
(2114, 11, 66, 4),
(2115, 12, 66, 3),
(2116, 13, 66, 4),
(2117, 14, 66, 4),
(2118, 15, 66, 5),
(2119, 16, 66, 0),
(2120, 17, 66, 2),
(2121, 18, 66, 0),
(2122, 19, 66, 1),
(2123, 20, 66, 2),
(2124, 21, 66, 1),
(2125, 22, 66, 5),
(2126, 23, 66, 4),
(2127, 24, 66, 3),
(2128, 25, 66, 5),
(2129, 26, 66, 1),
(2130, 27, 66, 3),
(2131, 28, 66, 0),
(2132, 29, 66, 4),
(2133, 30, 66, 4),
(2134, 31, 66, 2),
(2135, 32, 66, 3),
(2136, 33, 66, 1),
(2137, 34, 66, 0),
(2138, 35, 66, 1),
(2139, 36, 66, 0),
(2140, 37, 66, 2),
(2141, 38, 66, 0),
(2142, 39, 66, 4),
(2143, 40, 66, 1),
(2144, 41, 66, 2),
(2145, 42, 66, 1),
(2146, 43, 66, 1),
(2147, 44, 66, 1),
(2148, 45, 66, 0),
(2149, 46, 66, 4),
(2150, 47, 66, 1),
(2151, 48, 66, 1),
(2152, 49, 66, 4),
(2153, 50, 66, 3),
(2154, 1, 70, 4),
(2155, 2, 70, 0),
(2156, 3, 70, 2),
(2157, 4, 70, 0),
(2158, 5, 70, 5),
(2159, 6, 70, 0),
(2160, 7, 70, 2),
(2161, 8, 70, 4),
(2162, 9, 70, 2),
(2163, 10, 70, 5),
(2164, 11, 70, 4),
(2165, 12, 70, 3),
(2166, 13, 70, 1),
(2167, 14, 70, 1),
(2168, 15, 70, 5),
(2169, 16, 70, 5),
(2170, 17, 70, 0),
(2171, 18, 70, 1),
(2172, 19, 70, 0),
(2173, 20, 70, 2),
(2174, 21, 70, 0),
(2175, 22, 70, 1),
(2176, 23, 70, 4),
(2177, 24, 70, 2),
(2178, 25, 70, 0),
(2179, 26, 70, 0),
(2180, 27, 70, 1),
(2181, 28, 70, 2),
(2182, 29, 70, 4),
(2183, 30, 70, 4),
(2184, 31, 70, 5),
(2185, 32, 70, 4),
(2186, 33, 70, 3),
(2187, 34, 70, 2),
(2188, 35, 70, 3),
(2189, 36, 70, 4),
(2190, 37, 70, 0),
(2191, 38, 70, 2),
(2192, 39, 70, 2),
(2193, 40, 70, 4),
(2194, 41, 70, 4),
(2195, 42, 70, 1),
(2196, 43, 70, 2),
(2197, 44, 70, 2),
(2198, 45, 70, 0),
(2199, 46, 70, 4),
(2200, 47, 70, 1),
(2201, 48, 70, 3),
(2202, 49, 70, 4),
(2203, 50, 70, 2),
(2204, 1, 73, 4),
(2205, 2, 73, 0),
(2206, 3, 73, 3),
(2207, 4, 73, 0),
(2208, 5, 73, 4),
(2209, 6, 73, 2),
(2210, 7, 73, 5),
(2211, 8, 73, 5),
(2212, 9, 73, 2),
(2213, 10, 73, 2),
(2214, 11, 73, 0),
(2215, 12, 73, 1),
(2216, 13, 73, 3),
(2217, 14, 73, 1),
(2218, 15, 73, 3),
(2219, 16, 73, 5),
(2220, 17, 73, 3),
(2221, 18, 73, 2),
(2222, 19, 73, 1),
(2223, 20, 73, 4),
(2224, 21, 73, 3),
(2225, 22, 73, 1),
(2226, 23, 73, 0),
(2227, 24, 73, 2),
(2228, 25, 73, 5),
(2229, 26, 73, 2),
(2230, 27, 73, 1),
(2231, 28, 73, 0),
(2232, 29, 73, 1),
(2233, 30, 73, 4),
(2234, 31, 73, 5),
(2235, 32, 73, 5),
(2236, 33, 73, 4),
(2237, 34, 73, 3),
(2238, 35, 73, 2),
(2239, 36, 73, 4),
(2240, 37, 73, 4),
(2241, 38, 73, 1),
(2242, 39, 73, 0),
(2243, 40, 73, 5),
(2244, 41, 73, 2),
(2245, 42, 73, 1),
(2246, 43, 73, 2),
(2247, 44, 73, 3),
(2248, 45, 73, 5),
(2249, 46, 73, 5),
(2250, 47, 73, 5),
(2251, 48, 73, 0),
(2252, 49, 73, 2),
(2253, 50, 73, 0),
(2254, 1, 76, 5),
(2255, 2, 76, 0),
(2256, 3, 76, 4),
(2257, 4, 76, 3),
(2258, 5, 76, 3),
(2259, 6, 76, 5),
(2260, 7, 76, 5),
(2261, 8, 76, 2),
(2262, 9, 76, 5),
(2263, 10, 76, 2),
(2264, 11, 76, 2),
(2265, 12, 76, 2),
(2266, 13, 76, 5),
(2267, 14, 76, 2),
(2268, 15, 76, 1),
(2269, 16, 76, 3),
(2270, 17, 76, 2),
(2271, 18, 76, 3),
(2272, 19, 76, 1),
(2273, 20, 76, 4),
(2274, 21, 76, 5),
(2275, 22, 76, 4),
(2276, 23, 76, 3),
(2277, 24, 76, 2),
(2278, 25, 76, 0),
(2279, 26, 76, 1),
(2280, 27, 76, 1),
(2281, 28, 76, 3),
(2282, 29, 76, 0),
(2283, 30, 76, 2),
(2284, 31, 76, 1),
(2285, 32, 76, 2),
(2286, 33, 76, 4),
(2287, 34, 76, 3),
(2288, 35, 76, 5),
(2289, 36, 76, 3),
(2290, 37, 76, 5),
(2291, 38, 76, 2),
(2292, 39, 76, 5),
(2293, 40, 76, 0),
(2294, 41, 76, 1),
(2295, 42, 76, 0),
(2296, 43, 76, 1),
(2297, 44, 76, 4),
(2298, 45, 76, 5),
(2299, 46, 76, 1),
(2300, 47, 76, 5),
(2301, 48, 76, 1),
(2302, 49, 76, 3),
(2303, 50, 76, 1),
(2304, 1, 82, 1),
(2305, 2, 82, 2),
(2306, 3, 82, 4),
(2307, 4, 82, 2),
(2308, 5, 82, 0),
(2309, 6, 82, 2),
(2310, 7, 82, 2),
(2311, 8, 82, 2),
(2312, 9, 82, 0),
(2313, 10, 82, 4),
(2314, 11, 82, 1),
(2315, 12, 82, 1),
(2316, 13, 82, 0),
(2317, 14, 82, 5),
(2318, 15, 82, 0),
(2319, 16, 82, 3),
(2320, 17, 82, 0),
(2321, 18, 82, 3),
(2322, 19, 82, 0),
(2323, 20, 82, 3),
(2324, 21, 82, 2),
(2325, 22, 82, 4),
(2326, 23, 82, 0),
(2327, 24, 82, 2),
(2328, 25, 82, 1),
(2329, 26, 82, 4),
(2330, 27, 82, 2),
(2331, 28, 82, 2),
(2332, 29, 82, 2),
(2333, 30, 82, 3),
(2334, 31, 82, 1),
(2335, 32, 82, 3),
(2336, 33, 82, 0),
(2337, 34, 82, 4),
(2338, 35, 82, 5),
(2339, 36, 82, 1),
(2340, 37, 82, 4),
(2341, 38, 82, 3),
(2342, 39, 82, 0),
(2343, 40, 82, 0),
(2344, 41, 82, 5),
(2345, 42, 82, 2),
(2346, 43, 82, 0),
(2347, 44, 82, 2),
(2348, 45, 82, 3),
(2349, 46, 82, 2),
(2350, 47, 82, 3),
(2351, 48, 82, 3),
(2352, 49, 82, 1),
(2353, 50, 82, 2),
(2354, 1, 87, 3),
(2355, 2, 87, 0),
(2356, 3, 87, 0),
(2357, 4, 87, 3),
(2358, 5, 87, 4),
(2359, 6, 87, 3),
(2360, 7, 87, 0),
(2361, 8, 87, 0),
(2362, 9, 87, 3),
(2363, 10, 87, 0),
(2364, 11, 87, 2),
(2365, 12, 87, 5),
(2366, 13, 87, 0),
(2367, 14, 87, 2),
(2368, 15, 87, 0),
(2369, 16, 87, 2),
(2370, 17, 87, 5),
(2371, 18, 87, 3),
(2372, 19, 87, 1),
(2373, 20, 87, 5),
(2374, 21, 87, 0),
(2375, 22, 87, 4),
(2376, 23, 87, 4),
(2377, 24, 87, 4),
(2378, 25, 87, 4),
(2379, 26, 87, 2),
(2380, 27, 87, 3),
(2381, 28, 87, 1),
(2382, 29, 87, 5),
(2383, 30, 87, 3),
(2384, 31, 87, 3),
(2385, 32, 87, 1),
(2386, 33, 87, 3),
(2387, 34, 87, 5),
(2388, 35, 87, 0),
(2389, 36, 87, 3),
(2390, 37, 87, 4),
(2391, 38, 87, 2),
(2392, 39, 87, 1),
(2393, 40, 87, 3),
(2394, 41, 87, 2),
(2395, 42, 87, 0),
(2396, 43, 87, 4),
(2397, 44, 87, 1),
(2398, 45, 87, 0),
(2399, 46, 87, 0),
(2400, 47, 87, 1),
(2401, 48, 87, 5),
(2402, 49, 87, 0),
(2403, 50, 87, 4),
(2404, 1, 90, 4),
(2405, 2, 90, 3),
(2406, 3, 90, 5),
(2407, 4, 90, 3),
(2408, 5, 90, 3),
(2409, 6, 90, 3),
(2410, 7, 90, 4),
(2411, 8, 90, 1),
(2412, 9, 90, 2),
(2413, 10, 90, 5),
(2414, 11, 90, 2),
(2415, 12, 90, 1),
(2416, 13, 90, 3),
(2417, 14, 90, 2),
(2418, 15, 90, 1),
(2419, 16, 90, 5),
(2420, 17, 90, 5),
(2421, 18, 90, 5),
(2422, 19, 90, 5),
(2423, 20, 90, 1),
(2424, 21, 90, 0),
(2425, 22, 90, 2),
(2426, 23, 90, 1),
(2427, 24, 90, 4),
(2428, 25, 90, 2),
(2429, 26, 90, 4),
(2430, 27, 90, 4),
(2431, 28, 90, 3),
(2432, 29, 90, 5),
(2433, 30, 90, 1),
(2434, 31, 90, 1),
(2435, 32, 90, 1),
(2436, 33, 90, 4),
(2437, 34, 90, 3),
(2438, 35, 90, 4),
(2439, 36, 90, 3),
(2440, 37, 90, 0),
(2441, 38, 90, 3),
(2442, 39, 90, 4),
(2443, 40, 90, 1),
(2444, 41, 90, 1),
(2445, 42, 90, 0),
(2446, 43, 90, 3),
(2447, 44, 90, 2),
(2448, 45, 90, 1),
(2449, 46, 90, 0),
(2450, 47, 90, 5),
(2451, 48, 90, 1),
(2452, 49, 90, 4),
(2453, 50, 90, 0),
(2454, 1, 99, 2),
(2455, 2, 99, 3),
(2456, 3, 99, 5),
(2457, 4, 99, 1),
(2458, 5, 99, 3),
(2459, 6, 99, 3),
(2460, 7, 99, 4),
(2461, 8, 99, 4),
(2462, 9, 99, 4),
(2463, 10, 99, 1),
(2464, 11, 99, 2),
(2465, 12, 99, 3),
(2466, 13, 99, 5),
(2467, 14, 99, 2),
(2468, 15, 99, 5),
(2469, 16, 99, 4),
(2470, 17, 99, 0),
(2471, 18, 99, 0),
(2472, 19, 99, 5),
(2473, 20, 99, 0),
(2474, 21, 99, 4),
(2475, 22, 99, 1),
(2476, 23, 99, 1),
(2477, 24, 99, 0),
(2478, 25, 99, 1),
(2479, 26, 99, 1),
(2480, 27, 99, 1),
(2481, 28, 99, 3),
(2482, 29, 99, 0),
(2483, 30, 99, 4),
(2484, 31, 99, 4),
(2485, 32, 99, 5),
(2486, 33, 99, 3),
(2487, 34, 99, 5),
(2488, 35, 99, 5),
(2489, 36, 99, 5),
(2490, 37, 99, 0),
(2491, 38, 99, 1),
(2492, 39, 99, 4),
(2493, 40, 99, 2),
(2494, 41, 99, 0),
(2495, 42, 99, 2),
(2496, 43, 99, 2),
(2497, 44, 99, 5),
(2498, 45, 99, 4),
(2499, 46, 99, 0),
(2500, 47, 99, 5),
(2501, 48, 99, 4),
(2502, 49, 99, 0),
(2503, 50, 99, 1),
(2504, 1, 100, 5),
(2505, 2, 100, 5),
(2506, 3, 100, 5),
(2507, 4, 100, 1),
(2508, 5, 100, 3),
(2509, 6, 100, 0),
(2510, 7, 100, 4),
(2511, 8, 100, 2),
(2512, 9, 100, 5),
(2513, 10, 100, 5),
(2514, 11, 100, 3),
(2515, 12, 100, 1),
(2516, 13, 100, 0),
(2517, 14, 100, 5),
(2518, 15, 100, 3),
(2519, 16, 100, 2),
(2520, 17, 100, 1),
(2521, 18, 100, 4),
(2522, 19, 100, 1),
(2523, 20, 100, 1),
(2524, 21, 100, 1),
(2525, 22, 100, 4),
(2526, 23, 100, 5),
(2527, 24, 100, 4),
(2528, 25, 100, 3),
(2529, 26, 100, 5),
(2530, 27, 100, 5),
(2531, 28, 100, 1),
(2532, 29, 100, 1),
(2533, 30, 100, 1),
(2534, 31, 100, 1),
(2535, 32, 100, 0),
(2536, 33, 100, 4),
(2537, 34, 100, 5),
(2538, 35, 100, 3),
(2539, 36, 100, 1),
(2540, 37, 100, 4),
(2541, 38, 100, 3),
(2542, 39, 100, 1),
(2543, 40, 100, 0),
(2544, 41, 100, 1),
(2545, 42, 100, 3),
(2546, 43, 100, 3),
(2547, 44, 100, 3),
(2548, 45, 100, 0),
(2549, 46, 100, 0),
(2550, 47, 100, 1),
(2551, 48, 100, 0),
(2552, 49, 100, 0),
(2553, 50, 100, 4);

-- --------------------------------------------------------

--
-- Estructura de tabla para la tabla `types`
--

CREATE TABLE `types` (
  `id` int(11) NOT NULL,
  `type` varchar(50) NOT NULL
) ENGINE=InnoDB DEFAULT CHARSET=utf8mb4;

--
-- Volcado de datos para la tabla `types`
--

INSERT INTO `types` (`id`, `type`) VALUES
(1, 'Tablero'),
(2, 'Cartas'),
(3, 'Rol'),
(4, 'Dados');

-- --------------------------------------------------------

--
-- Estructura de tabla para la tabla `users`
--

CREATE TABLE `users` (
  `id` int(11) NOT NULL,
  `first_name` varchar(50) NOT NULL,
  `surename` varchar(50) NOT NULL,
  `nickname` varchar(50) NOT NULL,
  `email` varchar(254) NOT NULL,
  `password` varchar(50) NOT NULL,
  `id_avatar` int(11) NOT NULL,
  `sing_up_date` date NOT NULL DEFAULT current_timestamp(),
  `muted` tinyint(1) NOT NULL DEFAULT 0,
  `credentials` int(1) NOT NULL DEFAULT 0
) ENGINE=InnoDB DEFAULT CHARSET=utf8mb4;

--
-- Volcado de datos para la tabla `users`
--

INSERT INTO `users` (`id`, `first_name`, `surename`, `nickname`, `email`, `password`, `id_avatar`, `sing_up_date`, `muted`, `credentials`) VALUES
(56, 'sofia', 'garcia', 'sofisticadasofia', 'sofiagarcia@gmail.com', '1234', 4, '2023-04-02', 0, 0),
(57, 'juan', 'fernandez', 'juansinmiedo', 'juanfernandez@gmail.com', '1234', 5, '2023-04-02', 0, 0),
(58, 'ana', 'gonzalez', 'anamariposa', 'anagonzalez@gmail.com', '1234', 6, '2023-04-02', 0, 0),
(59, 'carlos', 'perez', 'carlitoscool', 'carlosperez@gmail.com', '1234', 4, '2023-04-02', 0, 0),
(60, 'valentina', 'sanchez', 'valearcoiris', 'valentinasanchez@gmail.com', '1234', 6, '2023-04-02', 0, 0),
(61, 'diego', 'lopez', 'dieguitoaventura', 'diegolopez@gmail.com', '1234', 3, '2023-04-02', 0, 0),
(62, 'andrea', 'martinez', 'andiemundo', 'andreamartinez@gmail.com', '1234', 1, '2023-04-02', 0, 0),
(63, 'pedro', 'gomez', 'pedritopoderoso', 'pedrogomez@gmail.com', '1234', 4, '2023-04-02', 0, 0),
(64, 'camila', 'rodriguez', 'camicandela', 'camilarodriguez@gmail.com', '1234', 2, '2023-04-02', 0, 0),
(65, 'pablo', 'ruiz', 'pabloartista', 'pabloruiz@gmail.com', '1234', 3, '2023-04-02', 0, 0),
(66, 'natalia', 'flores', 'natadeflores', 'nataliaflores@gmail.com', '1234', 6, '2023-04-02', 0, 0),
(67, 'luis', 'torres', 'lucesluis', 'luistorres@gmail.com', '1234', 1, '2023-04-02', 0, 0),
(68, 'lucia', 'ramirez', 'lucyenlanube', 'luciaramirez@gmail.com', '1234', 4, '2023-04-02', 0, 0),
(69, 'david', 'castro', 'davidrockstar', 'davidcastro@gmail.com', '1234', 2, '2023-04-02', 0, 0),
(70, 'marcela', 'vargas', 'marcelamagia', 'marcelavargas@gmail.com', '1234', 6, '2023-04-02', 0, 0),
(71, 'alejandro', 'castro', 'alejomisterio', 'alejandrocastro@gmail.com', '1234', 2, '2023-04-02', 0, 0),
(72, 'martina', 'medina', 'martimelodia', 'martinamedina@gmail.com', '1234', 1, '2023-04-02', 0, 0),
(73, 'francisco', 'mendoza', 'franluz', 'franciscomendoza@gmail.com', '1234', 6, '2023-04-02', 0, 0),
(74, 'victoria', 'herrera', 'vickyviento', 'victoriaherrera@gmail.com', '1234', 2, '2023-04-02', 0, 0),
(75, 'tomas', 'hernandez', 'tomasviajero', 'tomashernandez@gmail.com', '1234', 4, '2023-04-02', 0, 0),
(76, 'gabriela', 'ortiz', 'gabigolondrina', 'gabrielaortiz@gmail.com', '1234', 6, '2023-04-02', 0, 0),
(77, 'manuel', 'espinoza', 'manumaravilla', 'manuelespinoza@gmail.com', '1234', 3, '2023-04-02', 0, 0),
(78, 'carolina', 'cardenas', 'carolcielo', 'carolinacardenas@gmail.com', '1234', 3, '2023-04-02', 0, 0),
(79, 'jose', 'franco', 'josejazz', 'josefranco@gmail.com', '1234', 4, '2023-04-02', 0, 0),
(80, 'isabella', 'rivera', 'isabellaluna', 'isabellarivera@gmail.com', '1234', 4, '2023-04-02', 0, 0),
(81, 'daniel', 'morales', 'danielrojo', 'danielmorales@gmail.com', '1234', 1, '2023-04-02', 0, 0),
(82, 'fernanda', 'rios', 'fernandafantasia', 'fernandarios@gmail.com', '1234', 6, '2023-04-02', 0, 0),
(83, 'rafael', 'romero', 'rafarayo', 'rafaelromero@gmail.com', '1234', 2, '2023-04-02', 0, 0),
(84, 'miranda', 'salazar', 'miramar', 'mirandasalazar@gmail.com', '1234', 5, '2023-04-02', 0, 0),
(85, 'gonzalo', 'silva', 'gonzagalaxia', 'gonzalosilva@gmail.com', '1234', 2, '2023-04-02', 0, 0),
(86, 'renata', 'zamora', 'renirosa', 'renatazamora@gmail.com', '1234', 5, '2023-04-02', 0, 0),
(87, 'andres', 'valencia', 'andresangel', 'andresvalencia@gmail.com', '1234', 6, '2023-04-02', 0, 0),
(88, 'daniela', 'alvarez', 'danieladelcielo', 'danielaalvarez@gmail.com', '1234', 2, '2023-04-02', 0, 0),
(89, 'miguel', 'reyes', 'miguelmundo', 'miguelreyes@gmail.com', '1234', 2, '2023-04-02', 0, 0),
(90, 'renzo', 'cabrera', 'renzoretro', 'renzocabrera@gmail.com', '1234', 6, '2023-04-02', 0, 0),
(91, 'luciana', 'escobar', 'lucianalibelula', 'lucianaescobar@gmail.com', '1234', 4, '2023-04-02', 0, 0),
(92, 'gabriel', 'muñoz', 'gabrielguitarra', 'gabrielmuñoz@gmail.com', '1234', 4, '2023-04-02', 0, 0),
(93, 'olivia', 'perez', 'oliviaola', 'oliviaperez@gmail.com', '1234', 2, '2023-04-02', 0, 0),
(94, 'emilio', 'de la cruz', 'emiespejo', 'emiliode la cruz@gmail.com', '1234', 1, '2023-04-02', 0, 0),
(95, 'julia', 'villanueva', 'juliajardin', 'juliavillanueva@gmail.com', '1234', 1, '2023-04-02', 0, 0),
(96, 'santiago', 'carvajal', 'santisalsa', 'santiagocarvajal@gmail.com', '1234', 4, '2023-04-02', 0, 0),
(97, 'paula', 'cordova', 'paulapintora', 'paulacordova@gmail.com', '1234', 1, '2023-04-02', 0, 0),
(98, 'leonardo', 'leon', 'leonardoluz', 'leonardoleon@gmail.com', '1234', 4, '2023-04-02', 0, 0),
(99, 'claudia', 'navarro', 'claudiacaminante', 'claudianavarro@gmail.com', '1234', 6, '2023-04-02', 0, 0),
(100, 'max', 'gallegos', 'maxmistico', 'maxgallegos@gmail.com', '1234', 6, '2023-04-02', 0, 0),
(101, 'elena', 'rojas', 'elenaeterna', 'elenarojas@gmail.com', '1234', 1, '2023-04-02', 0, 0),
(102, 'esteban', 'acosta', 'estebestrella', 'estebanacosta@gmail.com', '1234', 4, '2023-04-02', 0, 0),
(103, 'lorena', 'tapia', 'lorelluvia', 'lorenatapia@gmail.com', '1234', 5, '2023-04-02', 0, 0),
(104, 'angel', 'chavez', 'angelalado', 'angelchavez@gmail.com', '1234', 5, '2023-04-02', 0, 0),
(105, 'maria', 'miranda', 'mariposamaria', 'mariamiranda@gmail.com', '1234', 4, '2023-04-02', 0, 0),
(106, 'admin', 'admin', 'admin', 'admin@gmail.com', '1234', 4, '2023-04-10', 0, 1);

--
-- Índices para tablas volcadas
--

--
-- Indices de la tabla `avatars`
--
ALTER TABLE `avatars`
  ADD PRIMARY KEY (`id`);

--
-- Indices de la tabla `categories`
--
ALTER TABLE `categories`
  ADD PRIMARY KEY (`id`);

--
-- Indices de la tabla `favorites`
--
ALTER TABLE `favorites`
  ADD PRIMARY KEY (`id`),
  ADD KEY `id_user` (`id_user`),
  ADD KEY `id_product` (`id_product`);

--
-- Indices de la tabla `products`
--
ALTER TABLE `products`
  ADD PRIMARY KEY (`id`),
  ADD KEY `category` (`category`),
  ADD KEY `publisher` (`publisher`),
  ADD KEY `type` (`type`);

--
-- Indices de la tabla `product_medias`
--
ALTER TABLE `product_medias`
  ADD PRIMARY KEY (`id`),
  ADD KEY `id_product` (`id_product`);

--
-- Indices de la tabla `publishers`
--
ALTER TABLE `publishers`
  ADD PRIMARY KEY (`id`);

--
-- Indices de la tabla `reviews`
--
ALTER TABLE `reviews`
  ADD PRIMARY KEY (`id`),
  ADD KEY `id_user` (`id_user`),
  ADD KEY `id_product` (`id_product`);

--
-- Indices de la tabla `scores`
--
ALTER TABLE `scores`
  ADD PRIMARY KEY (`id`),
  ADD KEY `id_user` (`id_user`),
  ADD KEY `id_product` (`id_product`);

--
-- Indices de la tabla `types`
--
ALTER TABLE `types`
  ADD PRIMARY KEY (`id`);

--
-- Indices de la tabla `users`
--
ALTER TABLE `users`
  ADD PRIMARY KEY (`id`),
  ADD KEY `id_avatar` (`id_avatar`);

--
-- AUTO_INCREMENT de las tablas volcadas
--

--
-- AUTO_INCREMENT de la tabla `avatars`
--
ALTER TABLE `avatars`
  MODIFY `id` int(11) NOT NULL AUTO_INCREMENT, AUTO_INCREMENT=7;

--
-- AUTO_INCREMENT de la tabla `categories`
--
ALTER TABLE `categories`
  MODIFY `id` int(11) NOT NULL AUTO_INCREMENT, AUTO_INCREMENT=11;

--
-- AUTO_INCREMENT de la tabla `favorites`
--
ALTER TABLE `favorites`
  MODIFY `id` int(11) NOT NULL AUTO_INCREMENT;

--
-- AUTO_INCREMENT de la tabla `products`
--
ALTER TABLE `products`
  MODIFY `id` int(11) NOT NULL AUTO_INCREMENT, AUTO_INCREMENT=51;

--
-- AUTO_INCREMENT de la tabla `product_medias`
--
ALTER TABLE `product_medias`
  MODIFY `id` int(11) NOT NULL AUTO_INCREMENT, AUTO_INCREMENT=11;

--
-- AUTO_INCREMENT de la tabla `publishers`
--
ALTER TABLE `publishers`
  MODIFY `id` int(11) NOT NULL AUTO_INCREMENT, AUTO_INCREMENT=170;

--
-- AUTO_INCREMENT de la tabla `reviews`
--
ALTER TABLE `reviews`
  MODIFY `id` int(11) NOT NULL AUTO_INCREMENT;

--
-- AUTO_INCREMENT de la tabla `scores`
--
ALTER TABLE `scores`
  MODIFY `id` int(11) NOT NULL AUTO_INCREMENT, AUTO_INCREMENT=2554;

--
-- AUTO_INCREMENT de la tabla `types`
--
ALTER TABLE `types`
  MODIFY `id` int(11) NOT NULL AUTO_INCREMENT, AUTO_INCREMENT=5;

--
-- AUTO_INCREMENT de la tabla `users`
--
ALTER TABLE `users`
  MODIFY `id` int(11) NOT NULL AUTO_INCREMENT, AUTO_INCREMENT=107;

--
-- Restricciones para tablas volcadas
--

--
-- Filtros para la tabla `favorites`
--
ALTER TABLE `favorites`
  ADD CONSTRAINT `favorites_ibfk_2` FOREIGN KEY (`id_user`) REFERENCES `users` (`id`),
  ADD CONSTRAINT `favorites_ibfk_3` FOREIGN KEY (`id_product`) REFERENCES `products` (`id`);

--
-- Filtros para la tabla `products`
--
ALTER TABLE `products`
  ADD CONSTRAINT `products_ibfk_2` FOREIGN KEY (`category`) REFERENCES `categories` (`id`),
  ADD CONSTRAINT `products_ibfk_3` FOREIGN KEY (`publisher`) REFERENCES `publishers` (`id`),
  ADD CONSTRAINT `products_ibfk_4` FOREIGN KEY (`type`) REFERENCES `types` (`id`);

--
-- Filtros para la tabla `product_medias`
--
ALTER TABLE `product_medias`
  ADD CONSTRAINT `product_medias_ibfk_1` FOREIGN KEY (`id_product`) REFERENCES `products` (`id`);

--
-- Filtros para la tabla `reviews`
--
ALTER TABLE `reviews`
  ADD CONSTRAINT `reviews_ibfk_2` FOREIGN KEY (`id_user`) REFERENCES `users` (`id`),
  ADD CONSTRAINT `reviews_ibfk_3` FOREIGN KEY (`id_product`) REFERENCES `products` (`id`);

--
-- Filtros para la tabla `scores`
--
ALTER TABLE `scores`
  ADD CONSTRAINT `scores_ibfk_2` FOREIGN KEY (`id_user`) REFERENCES `users` (`id`),
  ADD CONSTRAINT `scores_ibfk_3` FOREIGN KEY (`id_product`) REFERENCES `products` (`id`);

--
-- Filtros para la tabla `users`
--
ALTER TABLE `users`
  ADD CONSTRAINT `users_ibfk_1` FOREIGN KEY (`id_avatar`) REFERENCES `avatars` (`id`);
COMMIT;

/*!40101 SET CHARACTER_SET_CLIENT=@OLD_CHARACTER_SET_CLIENT */;
/*!40101 SET CHARACTER_SET_RESULTS=@OLD_CHARACTER_SET_RESULTS */;
/*!40101 SET COLLATION_CONNECTION=@OLD_COLLATION_CONNECTION */;
